id;action_id;action_name;player_id;player_name;team_id;team_name;opponent_id;opponent_name;opponent_team_id;opponent_team_name;teammate_id;teammate_name;half;second;pos_x;pos_y;possession_id;possession_name;possession_team_id;possession_team_name;possession_number;possession_start_clear;possession_end_clear;playtype;hand;shot_type;drive;dribble_move;contesting;ts
77045459;1601000;Starting lineup;6234;Nikola Jokic;3222;Denver Nuggets;;;;;;;1;0.000;;;;;;;;;;;;;;;;2017-12-07 11:26:00.855726
77045460;1601000;Starting lineup;6231;Will Barton;3222;Denver Nuggets;;;;;;;1;0.000;;;;;;;;;;;;;;;;2017-12-07 11:26:00.855726
77045461;1601000;Starting lineup;6237;Kenneth Faried;3222;Denver Nuggets;;;;;;;1;0.000;;;;;;;;;;;;;;;;2017-12-07 11:26:00.855726
77045462;1601000;Starting lineup;104434;Kostas Papanikolaou;3222;Denver Nuggets;;;;;;;1;0.000;;;;;;;;;;;;;;;;2017-12-07 11:26:00.855726
77045463;1601000;Starting lineup;6245;Darrell Arthur;3222;Denver Nuggets;;;;;;;1;0.000;;;;;;;;;;;;;;;;2017-12-07 11:26:00.855726
77045464;1601000;Starting lineup;7662;Jameer Nelson;3222;Denver Nuggets;;;;;;;1;0.000;;;;;;;;;;;;;;;;2017-12-07 11:26:00.855726
77045465;1601000;Starting lineup;7534;Randy Foye;3222;Denver Nuggets;;;;;;;1;0.000;;;;;;;;;;;;;;;;2017-12-07 11:26:00.855726
77045466;1601000;Starting lineup;7469;Joffrey Lauvergne;3222;Denver Nuggets;;;;;;;1;0.000;;;;;;;;;;;;;;;;2017-12-07 11:26:00.855726
77045467;1601000;Starting lineup;6233;Gary Harris;3222;Denver Nuggets;;;;;;;1;0.000;;;;;;;;;;;;;;;;2017-12-07 11:26:00.855726
77045468;1601000;Starting lineup;6248;Mike Miller;3222;Denver Nuggets;;;;;;;1;0.000;;;;;;;;;;;;;;;;2017-12-07 11:26:00.855726
77045469;1800100;1st quarter;;;;;;;;;;;1;0.000;;;;;;;;;;;;;;;;2017-12-07 11:26:00.855726
77045475;1600500;Guard;6233;Gary Harris;3222;Denver Nuggets;;;;;;;1;0.000;;;;;;;;;;;;;;;;2017-12-07 11:26:00.855726
77045476;1600500;Guard;6237;Kenneth Faried;3222;Denver Nuggets;;;;;;;1;0.000;;;;;;;;;;;;;;;;2017-12-07 11:26:00.855726
77045477;1600500;Guard;7469;Joffrey Lauvergne;3222;Denver Nuggets;;;;;;;1;0.000;;;;;;;;;;;;;;;;2017-12-07 11:26:00.855726
77045478;1600500;Guard;7662;Jameer Nelson;3222;Denver Nuggets;;;;;;;1;0.000;;;;;;;;;;;;;;;;2017-12-07 11:26:00.855726
77045479;1600500;Guard;104434;Kostas Papanikolaou;3222;Denver Nuggets;;;;;;;1;0.000;;;;;;;;;;;;;;;;2017-12-07 11:26:00.855726
77045482;100200;Game stop;;;;;;;;;;;1;65.617;;;;;;;;;;;;;;;;2017-12-07 11:26:00.855726
77045483;300100;Foul;6233;Gary Harris;3222;Denver Nuggets;1169;Danny Green;20;San Antonio Spurs;;;1;65.617;;;;;;;;;;;;;;;;2017-12-07 11:26:00.855726
77045486;100100;Ball in play;;;3222;Denver Nuggets;;;;;;;1;98.189;;;;;;;;;;;;;;;;2019-10-24 13:29:02.254799
77045487;800600;2F;6233;Gary Harris;3222;Denver Nuggets;1168;LaMarcus Aldridge;20;San Antonio Spurs;;;1;112.189;27.05;7.62;;;;;;;;Hand offs;;;;;;2017-12-07 11:26:00.855726
77045488;100200;Game stop;;;;;;;;;;;1;112.189;;;;;;;;;;;;;;;;2017-12-07 11:26:00.855726
77045490;800101;1+;6233;Gary Harris;3222;Denver Nuggets;1168;LaMarcus Aldridge;20;San Antonio Spurs;;;1;137.299;;;;;;;;;;;;;;;;2017-12-07 11:26:00.855726
77045491;800101;1+;6233;Gary Harris;3222;Denver Nuggets;1168;LaMarcus Aldridge;20;San Antonio Spurs;;;1;155.765;;;;;;;;;;;;;;;;2017-12-07 11:26:00.855726
77045495;200600;Post;7469;Joffrey Lauvergne;3222;Denver Nuggets;;;;;;;1;190.342;;;;;;;;;;;;;;;;2017-12-07 11:26:00.855726
77045496;800201;2+;7469;Joffrey Lauvergne;3222;Denver Nuggets;;;;;;;1;190.342;26.99;7.74;;;;;;;;Post;;Lay up;;;;2017-12-07 11:26:00.855726
77045498;100300;Rebound;7662;Jameer Nelson;3222;Denver Nuggets;;;;;;;1;206.952;;;;;;;;;;;;;;;;2017-12-07 11:26:00.855726
77045499;800201;2+;7662;Jameer Nelson;3222;Denver Nuggets;;;;;;;1;215.239;23.45;3.33;;;;;;;;Pick'n'Roll;;Jumper;;;;2017-12-07 11:26:00.855726
77045501;800202;2-;6233;Gary Harris;3222;Denver Nuggets;7462;David West;20;San Antonio Spurs;;;1;265.038;26.57;7.26;;;;;;;;Hand offs;;Lay up;;;;2017-12-07 11:26:00.855726
77045506;800302;3-;104434;Kostas Papanikolaou;3222;Denver Nuggets;;;;;;;1;298.939;19.64;8.34;;;;;;;;Isolation;;Jumper;Drives Left;;;2017-12-07 11:26:00.855726
77045509;100200;Game stop;;;;;;;;;;;1;325.145;;;;;;;;;;;;;;;;2017-12-07 11:26:00.855726
77045512;100100;Ball in play;;;3222;Denver Nuggets;;;;;;;1;340.203;;;;;;;;;;;;;;;;2019-10-24 13:29:02.254799
77045513;800302;3-;7662;Jameer Nelson;3222;Denver Nuggets;;;;;;;1;354.203;19.94;5.04;;;;;;;;Screen off;;Jumper;;;;2017-12-07 11:26:00.855726
77045516;100300;Rebound;104434;Kostas Papanikolaou;3222;Denver Nuggets;;;;;;;1;362.848;;;;;;;;;;;;;;;;2017-12-07 11:26:00.855726
77045517;800202;2-;104434;Kostas Papanikolaou;3222;Denver Nuggets;;;;;;;1;376.327;26.99;7.32;;;;;;;;Transition;;Lay up;;;;2017-12-07 11:26:00.855726
77045525;100200;Game stop;;;;;;;;;;;1;405.051;;;;;;;;;;;;;;;;2017-12-07 11:26:00.855726
77045526;300100;Foul;7662;Jameer Nelson;3222;Denver Nuggets;1165;Kawhi Leonard;20;San Antonio Spurs;;;1;405.051;;;;;;;;;;;;;;;;2017-12-07 11:26:00.855726
77045529;100300;Rebound;7662;Jameer Nelson;3222;Denver Nuggets;;;;;;;1;454.568;;;;;;;;;;;;;;;;2017-12-07 11:26:00.855726
77045530;800201;2+;6233;Gary Harris;3222;Denver Nuggets;;;;;;;1;469.748;27.08;6.90;;;;;;;;Isolation;;Lay up;Drives Right;;;2017-12-07 11:26:00.855726
77045533;400101;Accurate pass;6233;Gary Harris;3222;Denver Nuggets;;;;;6237;Kenneth Faried;1;503.525;;;;;;;;;;;;;;;;2017-12-07 11:26:00.855726
77045534;200300;Pick'n'Roll;6237;Kenneth Faried;3222;Denver Nuggets;;;;;6233;Gary Harris;1;503.525;;;;;;;;;;;;;;;;2017-12-07 11:26:00.855726
77045535;800201;2+;6237;Kenneth Faried;3222;Denver Nuggets;;;;;6233;Gary Harris;1;503.525;27.02;7.62;;;;;;;;Pick-n-roll without a ball;;;;;;2017-12-07 11:26:00.855726
77045536;100400;Steal;104434;Kostas Papanikolaou;3222;Denver Nuggets;1169;Danny Green;20;San Antonio Spurs;;;1;525.028;;;;;;;;;;;;;;;;2017-12-07 11:26:00.855726
77045537;800201;2+;104434;Kostas Papanikolaou;3222;Denver Nuggets;;;;;;;1;528.534;26.57;7.80;;;;;;;;Transition;;Lay up;;;;2017-12-07 11:26:00.855726
77045539;100300;Rebound;7469;Joffrey Lauvergne;3222;Denver Nuggets;;;;;;;1;545.240;;;;;;;;;;;;;;;;2017-12-07 11:26:00.855726
77045540;800202;2-;6237;Kenneth Faried;3222;Denver Nuggets;1168;LaMarcus Aldridge;20;San Antonio Spurs;;;1;555.239;27.08;8.04;;;;;;;;Transition;;Lay up;;;;2017-12-07 11:26:00.855726
77045541;100200;Game stop;;;;;;;;;;;1;555.239;;;;;;;;;;;;;;;;2017-12-07 11:26:00.855726
77045542;100300;Rebound;;;3222;Denver Nuggets;;;;;;;1;555.239;;;;;;;;;;;;;;;;2017-12-07 11:26:00.855726
77045548;100100;Ball in play;;;3222;Denver Nuggets;;;;;;;1;579.496;;;;;;;;;;;;;;;;2019-10-24 13:29:02.254799
77045549;400101;Accurate pass;6233;Gary Harris;3222;Denver Nuggets;;;;;6237;Kenneth Faried;1;579.496;;;;;;;;;;;;;;;;2017-12-07 11:26:00.855726
77045550;800201;2+;6237;Kenneth Faried;3222;Denver Nuggets;;;;;6233;Gary Harris;1;579.496;27.02;7.62;;;;;;;;Cut;;;;;;2017-12-07 11:26:00.855726
77045556;800202;2-;6233;Gary Harris;3222;Denver Nuggets;;;;;;;1;637.539;22.73;7.62;;;;;;;;Pick'n'Roll;;Floater;;;;2017-12-07 11:26:00.855726
77045558;100200;Game stop;;;;;;;;;;;1;656.796;;;;;;;;;;;;;;;;2017-12-07 11:26:00.855726
77045560;100100;Ball in play;;;3222;Denver Nuggets;;;;;;;1;671.937;;;;;;;;;;;;;;;;2019-10-24 13:29:02.254799
77045561;800202;2-;7469;Joffrey Lauvergne;3222;Denver Nuggets;;;;;;;1;684.937;25.22;7.68;;;;;;;;Cut;;Floater;;;;2017-12-07 11:26:00.855726
77045565;100300;Rebound;7662;Jameer Nelson;3222;Denver Nuggets;;;;;;;1;695.012;;;;;;;;;;;;;;;;2017-12-07 11:26:00.855726
77045566;800202;2-;7662;Jameer Nelson;3222;Denver Nuggets;;;;;;;1;706.094;24.02;5.55;;;;;;;;Pick'n'Roll;;Jumper;;;;2017-12-07 11:26:00.855726
77045568;100400;Steal;104434;Kostas Papanikolaou;3222;Denver Nuggets;1168;LaMarcus Aldridge;20;San Antonio Spurs;;;1;724.788;;;;;;;;;;;;;;;;2017-12-07 11:26:00.855726
77045572;100200;Game stop;;;;;;;;;;;1;739.867;;;;;;;;;;;;;;;;2017-12-07 11:26:00.855726
77045573;1800600;Timeout;;;3222;Denver Nuggets;;;;;;;1;739.867;;;;;;;;;;;;;;;;2017-12-07 11:26:00.855726
77045574;1600500;Guard;7534;Randy Foye;3222;Denver Nuggets;7662;Jameer Nelson;3222;Denver Nuggets;;;1;762.597;;;;;;;;;;;;;;;;2017-12-07 11:26:00.855726
77045575;1600500;Guard;6234;Nikola Jokic;3222;Denver Nuggets;7469;Joffrey Lauvergne;3222;Denver Nuggets;;;1;762.597;;;;;;;;;;;;;;;;2017-12-07 11:26:00.855726
77045576;1600500;Guard;6245;Darrell Arthur;3222;Denver Nuggets;6237;Kenneth Faried;3222;Denver Nuggets;;;1;762.597;;;;;;;;;;;;;;;;2017-12-07 11:26:00.855726
77045577;100100;Ball in play;;;3222;Denver Nuggets;;;;;;;1;762.597;;;;;;;;;;;;;;;;2019-10-24 13:29:02.254799
77045578;400101;Accurate pass;6234;Nikola Jokic;3222;Denver Nuggets;;;;;6245;Darrell Arthur;1;762.597;;;;;;;;;;;;;;;;2017-12-07 11:26:00.855726
77045579;800201;2+;6245;Darrell Arthur;3222;Denver Nuggets;;;;;6234;Nikola Jokic;1;762.597;23.12;11.61;;;;;;;;Cut;;Jumper;;;;2017-12-07 11:26:00.855726
77045581;100300;Rebound;6234;Nikola Jokic;3222;Denver Nuggets;;;;;;;1;782.839;;;;;;;;;;;;;;;;2017-12-07 11:26:00.855726
77045582;800202;2-;6245;Darrell Arthur;3222;Denver Nuggets;;;;;;;1;803.576;27.20;2.04;;;;;;;;Catch and shoot;;Jumper;;;;2017-12-07 11:26:00.855726
77045583;100300;Rebound;6234;Nikola Jokic;3222;Denver Nuggets;;;;;;;1;803.576;;;;;;;;;;;;;;;;2017-12-07 11:26:00.855726
77045584;800302;3-;7534;Randy Foye;3222;Denver Nuggets;;;;;;;1;809.450;21.98;2.43;;;;;;;;Catch and shoot;;Jumper;;;;2017-12-07 11:26:00.855726
77045587;100300;Rebound;6234;Nikola Jokic;3222;Denver Nuggets;;;;;;;1;817.649;;;;;;;;;;;;;;;;2017-12-07 11:26:00.855726
77045588;400101;Accurate pass;104434;Kostas Papanikolaou;3222;Denver Nuggets;;;;;6245;Darrell Arthur;1;834.037;;;;;;;;;;;;;;;;2017-12-07 11:26:00.855726
77045589;800201;2+;6245;Darrell Arthur;3222;Denver Nuggets;;;;;104434;Kostas Papanikolaou;1;834.037;22.82;3.87;;;;;;;;Catch and shoot;;Jumper;;;;2017-12-07 11:26:00.855726
77045590;100400;Steal;104434;Kostas Papanikolaou;3222;Denver Nuggets;7864;Boris Diaw;20;San Antonio Spurs;;;1;849.406;;;;;;;;;;;;;;;;2017-12-07 11:26:00.855726
77045594;800201;2+;6233;Gary Harris;3222;Denver Nuggets;;;;;104434;Kostas Papanikolaou;1;882.438;24.02;11.91;;;;;;;;Catch and Drive;;Jumper;Drives Left;;;2017-12-07 11:26:00.855726
77045601;100300;Rebound;104434;Kostas Papanikolaou;3222;Denver Nuggets;;;;;;;1;898.878;;;;;;;;;;;;;;;;2017-12-07 11:26:00.855726
77045602;100200;Game stop;;;;;;;;;;;1;908.535;;;;;;;;;;;;;;;;2017-12-07 11:26:00.855726
77045604;200300;Pick'n'Roll;6234;Nikola Jokic;3222;Denver Nuggets;;;;;7534;Randy Foye;1;908.535;;;;;;;;;;;;;;;;2017-12-07 11:26:00.855726
77045605;800202;2-;6234;Nikola Jokic;3222;Denver Nuggets;;;;;7534;Randy Foye;1;908.535;25.91;7.02;;;;;;;;Pick-n-roll without a ball;;Floater;;;;2017-12-07 11:26:00.855726
77045608;1600500;Guard;6231;Will Barton;3222;Denver Nuggets;104434;Kostas Papanikolaou;3222;Denver Nuggets;;;1;944.577;;;;;;;;;;;;;;;;2017-12-07 11:26:00.855726
77045613;100300;Rebound;6233;Gary Harris;3222;Denver Nuggets;;;;;;;1;966.960;;;;;;;;;;;;;;;;2017-12-07 11:26:00.855726
77045614;100200;Game stop;;;;;;;;;;;1;990.757;;;;;;;;;;;;;;;;2017-12-07 11:26:00.855726
77045615;100500;Turnover;7534;Randy Foye;3222;Denver Nuggets;;;;;;;1;990.757;;;;;;;;;;;;;;;;2017-12-07 11:26:00.855726
77045617;1800500;Halftime;;;;;;;;;;;1;992.357;;;;;;;;;;;;;;;;2017-12-07 11:26:00.855726
77045618;1800200;2nd quarter;;;;;;;;;;;2;0.000;;;;;;;;;;;;;;;;2017-12-07 11:26:00.855726
77045624;1600500;Guard;6231;Will Barton;3222;Denver Nuggets;;;;;;;2;0.000;;;;;;;;;;;;;;;;2017-12-07 11:26:00.855726
77045625;1600500;Guard;6234;Nikola Jokic;3222;Denver Nuggets;;;;;;;2;0.000;;;;;;;;;;;;;;;;2017-12-07 11:26:00.855726
77045626;1600500;Guard;6245;Darrell Arthur;3222;Denver Nuggets;;;;;;;2;0.000;;;;;;;;;;;;;;;;2017-12-07 11:26:00.855726
77045627;1600500;Guard;6248;Mike Miller;3222;Denver Nuggets;;;;;;;2;0.000;;;;;;;;;;;;;;;;2017-12-07 11:26:00.855726
77045628;1600500;Guard;7534;Randy Foye;3222;Denver Nuggets;;;;;;;2;0.000;;;;;;;;;;;;;;;;2017-12-07 11:26:00.855726
77045629;100100;Ball in play;;;3222;Denver Nuggets;;;;;;;2;3.957;;;;;;;;;;;;;;;;2019-10-24 13:29:02.254799
77045630;100200;Game stop;;;;;;;;;;;2;17.957;;;;;;;;;;;;;;;;2017-12-07 11:26:00.855726
77045632;100100;Ball in play;;;3222;Denver Nuggets;;;;;;;2;33.347;;;;;;;;;;;;;;;;2019-10-24 13:29:02.254799
77045633;100200;Game stop;;;;;;;;;;;2;42.347;;;;;;;;;;;;;;;;2017-12-07 11:26:00.855726
77045635;200600;Post;6234;Nikola Jokic;3222;Denver Nuggets;;;;;;;2;42.347;;;;;;;;;;;;;;;;2017-12-07 11:26:00.855726
77045636;800400;2+1;6234;Nikola Jokic;3222;Denver Nuggets;;;;;;;2;42.347;26.66;7.17;;;;;;;;Post;;Lay up;;;;2017-12-07 11:26:00.855726
77045639;200600;Post;6234;Nikola Jokic;3222;Denver Nuggets;;;;;;;2;110.151;;;;;;;;;;;;;;;;2017-12-07 11:26:00.855726
77045640;800202;2-;6234;Nikola Jokic;3222;Denver Nuggets;;;;;;;2;110.151;27.08;11.58;;;;;;;;Post;;Jumper;;;;2017-12-07 11:26:00.855726
77045642;100400;Steal;7534;Randy Foye;3222;Denver Nuggets;7864;Boris Diaw;20;San Antonio Spurs;;;2;118.508;;;;;;;;;;;;;;;;2017-12-07 11:26:00.855726
77045643;100200;Game stop;;;;;;;;;;;2;122.474;;;;;;;;;;;;;;;;2017-12-07 11:26:00.855726
77045645;800101;1+;7534;Randy Foye;3222;Denver Nuggets;2422;Jonathon Simmons;20;San Antonio Spurs;;;2;160.286;;;;;;;;;;;;;;;;2017-12-07 11:26:00.855726
77045651;100200;Game stop;;;;;;;;;;;2;204.110;;;;;;;;;;;;;;;;2017-12-07 11:26:00.855726
77045652;300100;Foul;6245;Darrell Arthur;3222;Denver Nuggets;8593;Boban Marjanovic;20;San Antonio Spurs;;;2;204.110;;;;;;;;;;;;;;;;2017-12-07 11:26:00.855726
77045655;100100;Ball in play;;;3222;Denver Nuggets;;;;;;;2;245.705;;;;;;;;;;;;;;;;2019-10-24 13:29:02.254799
77045656;400101;Accurate pass;6245;Darrell Arthur;3222;Denver Nuggets;;;;;6234;Nikola Jokic;2;263.611;;;;;;;;;;;;;;;;2017-12-07 11:26:00.855726
77045657;800201;2+;6234;Nikola Jokic;3222;Denver Nuggets;;;;;6245;Darrell Arthur;2;263.611;26.21;5.97;;;;;;;;Cut;;Hook;;;;2017-12-07 11:26:00.855726
77045658;100200;Game stop;;;;;;;;;;;2;275.644;;;;;;;;;;;;;;;;2017-12-07 11:26:00.855726
77045659;300100;Foul;6245;Darrell Arthur;3222;Denver Nuggets;7864;Boris Diaw;20;San Antonio Spurs;;;2;275.644;;;;;;;;;;;;;;;;2017-12-07 11:26:00.855726
77045661;100100;Ball in play;;;3222;Denver Nuggets;;;;;;;2;307.913;;;;;;;;;;;;;;;;2019-10-24 13:29:02.254799
77045662;100300;Rebound;6231;Will Barton;3222;Denver Nuggets;;;;;;;2;307.913;;;;;;;;;;;;;;;;2017-12-07 11:26:00.855726
77045666;100200;Game stop;;;;;;;;;;;2;327.322;;;;;;;;;;;;;;;;2017-12-07 11:26:00.855726
77045667;300100;Foul;6245;Darrell Arthur;3222;Denver Nuggets;8593;Boban Marjanovic;20;San Antonio Spurs;;;2;327.322;;;;;;;;;;;;;;;;2017-12-07 11:26:00.855726
77045669;1600500;Guard;6237;Kenneth Faried;3222;Denver Nuggets;6245;Darrell Arthur;3222;Denver Nuggets;;;2;376.529;;;;;;;;;;;;;;;;2017-12-07 11:26:00.855726
77045671;100100;Ball in play;;;3222;Denver Nuggets;;;;;;;2;382.295;;;;;;;;;;;;;;;;2019-10-24 13:29:02.254799
77045672;100200;Game stop;;;;;;;;;;;2;402.295;;;;;;;;;;;;;;;;2017-12-07 11:26:00.855726
77045673;100500;Turnover;6234;Nikola Jokic;3222;Denver Nuggets;;;;;;;2;402.295;;;;;;;;;;;;;;;;2017-12-07 11:26:00.855726
77045674;1800600;Timeout;;;;;;;;;;;2;402.295;;;;;;;;;;;;;;;;2017-12-07 11:26:00.855726
77045681;100200;Game stop;;;;;;;;;;;2;434.727;;;;;;;;;;;;;;;;2017-12-07 11:26:00.855726
77045686;100200;Game stop;;;;;;;;;;;2;459.613;;;;;;;;;;;;;;;;2017-12-07 11:26:00.855726
77045687;300100;Foul;6234;Nikola Jokic;3222;Denver Nuggets;8593;Boban Marjanovic;20;San Antonio Spurs;;;2;459.613;;;;;;;;;;;;;;;;2017-12-07 11:26:00.855726
77045690;100100;Ball in play;;;3222;Denver Nuggets;;;;;;;2;497.723;;;;;;;;;;;;;;;;2019-10-24 13:29:02.254799
77045691;400101;Accurate pass;6234;Nikola Jokic;3222;Denver Nuggets;;;;;6231;Will Barton;2;512.723;;;;;;;;;;Hand offs;;;;;;2017-12-07 11:26:00.855726
77045692;800201;2+;6231;Will Barton;3222;Denver Nuggets;;;;;6234;Nikola Jokic;2;512.723;24.65;7.74;;;;;;;;Hand offs;;Hook;;;;2017-12-07 11:26:00.855726
77045696;200300;Pick'n'Roll;6234;Nikola Jokic;3222;Denver Nuggets;;;;;7534;Randy Foye;2;547.743;;;;;;;;;;;;;;;;2017-12-07 11:26:00.855726
77045697;800202;2-;6234;Nikola Jokic;3222;Denver Nuggets;;;;;7534;Randy Foye;2;547.743;26.12;5.64;;;;;;;;Pick-n-roll without a ball;;Floater;;;;2017-12-07 11:26:00.855726
77045698;100300;Rebound;6234;Nikola Jokic;3222;Denver Nuggets;;;;;;;2;547.743;;;;;;;;;;;;;;;;2017-12-07 11:26:00.855726
77045699;800202;2-;6234;Nikola Jokic;3222;Denver Nuggets;8593;Boban Marjanovic;20;San Antonio Spurs;;;2;547.743;26.42;6.72;;;;;;;;Putbacks;;Hook;;;;2017-12-07 11:26:00.855726
77045702;100200;Game stop;;;;;;;;;;;2;554.131;;;;;;;;;;;;;;;;2017-12-07 11:26:00.855726
77045704;1600500;Guard;7469;Joffrey Lauvergne;3222;Denver Nuggets;6234;Nikola Jokic;3222;Denver Nuggets;;;2;589.040;;;;;;;;;;;;;;;;2017-12-07 11:26:00.855726
77045708;100300;Rebound;6248;Mike Miller;3222;Denver Nuggets;;;;;;;2;589.040;;;;;;;;;;;;;;;;2017-12-07 11:26:00.855726
77045709;800202;2-;6231;Will Barton;3222;Denver Nuggets;;;;;;;2;598.628;27.08;4.35;;;;;;;;Pick'n'Roll;;Floater;;;;2017-12-07 11:26:00.855726
77045713;100200;Game stop;;;;;;;;;;;2;610.988;;;;;;;;;;;;;;;;2017-12-07 11:26:00.855726
77045714;1800600;Timeout;;;3222;Denver Nuggets;;;;;;;2;610.988;;;;;;;;;;;;;;;;2017-12-07 11:26:00.855726
77045716;100100;Ball in play;;;3222;Denver Nuggets;;;;;;;2;643.101;;;;;;;;;;;;;;;;2019-10-24 13:29:02.254799
77045717;800202;2-;7534;Randy Foye;3222;Denver Nuggets;;;;;;;2;643.101;25.19;6.18;;;;;;;;Pick'n'Roll;;Floater;;;;2017-12-07 11:26:00.855726
77045722;800302;3-;6231;Will Barton;3222;Denver Nuggets;;;;;;;2;689.628;23.72;0.72;;;;;;;;Catch and shoot;;Jumper;;;;2017-12-07 11:26:00.855726
77045723;100300;Rebound;7469;Joffrey Lauvergne;3222;Denver Nuggets;;;;;;;2;689.628;;;;;;;;;;;;;;;;2017-12-07 11:26:00.855726
77045724;800202;2-;6231;Will Barton;3222;Denver Nuggets;7462;David West;20;San Antonio Spurs;;;2;696.753;25.82;7.62;;;;;;;;;;Jumper;;;;2017-12-07 11:26:00.855726
77045725;100200;Game stop;;;;;;;;;;;2;696.753;;;;;;;;;;;;;;;;2017-12-07 11:26:00.855726
77045728;1600500;Guard;6233;Gary Harris;3222;Denver Nuggets;6248;Mike Miller;3222;Denver Nuggets;;;2;719.512;;;;;;;;;;;;;;;;2017-12-07 11:26:00.855726
77045729;1600500;Guard;7662;Jameer Nelson;3222;Denver Nuggets;7534;Randy Foye;3222;Denver Nuggets;;;2;719.512;;;;;;;;;;;;;;;;2017-12-07 11:26:00.855726
77045732;100300;Rebound;7662;Jameer Nelson;3222;Denver Nuggets;;;;;;;2;719.512;;;;;;;;;;;;;;;;2017-12-07 11:26:00.855726
77045733;100200;Game stop;;;;;;;;;;;2;730.818;;;;;;;;;;;;;;;;2017-12-07 11:26:00.855726
77045734;100500;Turnover;6231;Will Barton;3222;Denver Nuggets;;;;;;;2;730.818;;;;;;;;;;;;;;;;2017-12-07 11:26:00.855726
77045741;100200;Game stop;;;;;;;;;;;2;772.368;;;;;;;;;;;;;;;;2017-12-07 11:26:00.855726
77045742;1800600;Timeout;;;3222;Denver Nuggets;;;;;;;2;772.368;;;;;;;;;;;;;;;;2017-12-07 11:26:00.855726
77045744;100100;Ball in play;;;3222;Denver Nuggets;;;;;;;2;800.499;;;;;;;;;;;;;;;;2019-10-24 13:29:02.254799
77045745;400101;Accurate pass;6233;Gary Harris;3222;Denver Nuggets;;;;;7469;Joffrey Lauvergne;2;800.499;;;;;;;;;;;;;;;;2017-12-07 11:26:00.855726
77045746;200300;Pick'n'Roll;7469;Joffrey Lauvergne;3222;Denver Nuggets;;;;;6233;Gary Harris;2;800.499;;;;;;;;;;Pick'n'pop;;;;;;2017-12-07 11:26:00.855726
77045747;800201;2+;7469;Joffrey Lauvergne;3222;Denver Nuggets;;;;;6233;Gary Harris;2;800.499;23.75;3.24;;;;;;;;Pick'n'pop;;Jumper;;;;2017-12-07 11:26:00.855726
77045750;400101;Accurate pass;6231;Will Barton;3222;Denver Nuggets;;;;;6237;Kenneth Faried;2;841.008;;;;;;;;;;;;;;;;2017-12-07 11:26:00.855726
77045751;200300;Pick'n'Roll;6237;Kenneth Faried;3222;Denver Nuggets;;;;;6231;Will Barton;2;841.008;;;;;;;;;;;;;;;;2017-12-07 11:26:00.855726
77045752;800201;2+;6237;Kenneth Faried;3222;Denver Nuggets;;;;;6231;Will Barton;2;841.008;25.91;6.12;;;;;;;;Pick-n-roll without a ball;;Hook;;;;2017-12-07 11:26:00.855726
77045754;800202;2-;7469;Joffrey Lauvergne;3222;Denver Nuggets;;;;;;;2;878.225;26.36;5.64;;;;;;;;Isolation;;Hook;Drives Left;;;2017-12-07 11:26:00.855726
77045755;100200;Game stop;;;;;;;;;;;2;878.225;;;;;;;;;;;;;;;;2017-12-07 11:26:00.855726
77045756;100300;Rebound;;;3222;Denver Nuggets;;;;;;;2;878.225;;;;;;;;;;;;;;;;2017-12-07 11:26:00.855726
77045757;1600500;Guard;104434;Kostas Papanikolaou;3222;Denver Nuggets;6231;Will Barton;3222;Denver Nuggets;;;2;908.989;;;;;;;;;;;;;;;;2017-12-07 11:26:00.855726
77045758;100100;Ball in play;;;3222;Denver Nuggets;;;;;;;2;908.989;;;;;;;;;;;;;;;;2019-10-24 13:29:02.254799
77045759;800202;2-;104434;Kostas Papanikolaou;3222;Denver Nuggets;1169;Danny Green;20;San Antonio Spurs;;;2;908.989;26.12;7.68;;;;;;;;Pick'n'Roll;;Jumper;;;;2017-12-07 11:26:00.855726
77045762;400101;Accurate pass;104434;Kostas Papanikolaou;3222;Denver Nuggets;;;;;7469;Joffrey Lauvergne;2;940.118;;;;;;;;;;;;;;;;2017-12-07 11:26:00.855726
77045763;200300;Pick'n'Roll;7469;Joffrey Lauvergne;3222;Denver Nuggets;;;;;104434;Kostas Papanikolaou;2;940.118;;;;;;;;;;Pick'n'pop;;;;;;2017-12-07 11:26:00.855726
77045764;800301;3+;7469;Joffrey Lauvergne;3222;Denver Nuggets;;;;;104434;Kostas Papanikolaou;2;940.118;19.64;7.44;;;;;;;;Pick'n'pop;;Jumper;;;;2017-12-07 11:26:00.855726
77045766;800202;2-;7469;Joffrey Lauvergne;3222;Denver Nuggets;;;;;104434;Kostas Papanikolaou;2;982.276;26.51;7.74;;;;;;;;Catch and Drive;;Lay up;Drives Left;;;2017-12-07 11:26:00.855726
77045769;100300;Rebound;6237;Kenneth Faried;3222;Denver Nuggets;;;;;;;2;990.878;;;;;;;;;;;;;;;;2017-12-07 11:26:00.855726
77045773;400101;Accurate pass;7662;Jameer Nelson;3222;Denver Nuggets;;;;;6237;Kenneth Faried;2;1025.267;;;;;;;;;;;;;;;;2017-12-07 11:26:00.855726
77045774;200300;Pick'n'Roll;6237;Kenneth Faried;3222;Denver Nuggets;;;;;7662;Jameer Nelson;2;1025.267;;;;;;;;;;;;;;;;2017-12-07 11:26:00.855726
77045775;800201;2+;6237;Kenneth Faried;3222;Denver Nuggets;;;;;7662;Jameer Nelson;2;1025.267;26.96;7.35;;;;;;;;Pick-n-roll without a ball;;;;;;2017-12-07 11:26:00.855726
77045777;100300;Rebound;7469;Joffrey Lauvergne;3222;Denver Nuggets;;;;;;;2;1041.328;;;;;;;;;;;;;;;;2017-12-07 11:26:00.855726
77045778;800201;2+;7662;Jameer Nelson;3222;Denver Nuggets;;;;;;;2;1051.339;25.37;7.50;;;;;;;;Pick'n'Roll;;;;;;2017-12-07 11:26:00.855726
77045781;1800500;Halftime;;;;;;;;;;;2;1078.508;;;;;;;;;;;;;;;;2017-12-07 11:26:00.855726
77045782;1800300;3rd quarter;;;;;;;;;;;3;0.000;;;;;;;;;;;;;;;;2017-12-07 11:26:00.855726
77045788;1600500;Guard;6233;Gary Harris;3222;Denver Nuggets;;;;;;;3;0.000;;;;;;;;;;;;;;;;2017-12-07 11:26:00.855726
77045789;1600500;Guard;6237;Kenneth Faried;3222;Denver Nuggets;;;;;;;3;0.000;;;;;;;;;;;;;;;;2017-12-07 11:26:00.855726
77045790;1600500;Guard;7469;Joffrey Lauvergne;3222;Denver Nuggets;;;;;;;3;0.000;;;;;;;;;;;;;;;;2017-12-07 11:26:00.855726
77045791;1600500;Guard;7662;Jameer Nelson;3222;Denver Nuggets;;;;;;;3;0.000;;;;;;;;;;;;;;;;2017-12-07 11:26:00.855726
77045792;1600500;Guard;104434;Kostas Papanikolaou;3222;Denver Nuggets;;;;;;;3;0.000;;;;;;;;;;;;;;;;2017-12-07 11:26:00.855726
77045793;100100;Ball in play;;;3222;Denver Nuggets;;;;;;;3;7.346;;;;;;;;;;;;;;;;2019-10-24 13:29:02.254799
77045794;800302;3-;6233;Gary Harris;3222;Denver Nuggets;;;;;104434;Kostas Papanikolaou;3;21.346;27.20;0.87;;;;;;;;Catch and shoot;;Jumper;;;;2017-12-07 11:26:00.855726
77045796;100200;Game stop;;;;;;;;;;;3;32.113;;;;;;;;;;;;;;;;2017-12-07 11:26:00.855726
77045797;300100;Foul;6237;Kenneth Faried;3222;Denver Nuggets;7462;David West;20;San Antonio Spurs;;;3;32.113;;;;;;;;;;;;;;;;2017-12-07 11:26:00.855726
77045800;100300;Rebound;6237;Kenneth Faried;3222;Denver Nuggets;;;;;;;3;61.052;;;;;;;;;;;;;;;;2017-12-07 11:26:00.855726
77045801;800202;2-;6233;Gary Harris;3222;Denver Nuggets;;;;;;;3;78.016;24.95;7.56;;;;;;;;Hand offs;;Hook;;;;2017-12-07 11:26:00.855726
77045805;800302;3-;7662;Jameer Nelson;3222;Denver Nuggets;;;;;104434;Kostas Papanikolaou;3;124.863;20.75;3.12;;;;;;;;Catch and shoot;;Jumper;;;;2017-12-07 11:26:00.855726
77045806;100200;Game stop;;;;;;;;;;;3;124.863;;;;;;;;;;;;;;;;2017-12-07 11:26:00.855726
77045807;100300;Rebound;;;3222;Denver Nuggets;;;;;;;3;124.863;;;;;;;;;;;;;;;;2017-12-07 11:26:00.855726
77045809;100100;Ball in play;;;3222;Denver Nuggets;;;;;;;3;139.383;;;;;;;;;;;;;;;;2019-10-24 13:29:02.254799
77045810;200300;Pick'n'Roll;6237;Kenneth Faried;3222;Denver Nuggets;;;;;6233;Gary Harris;3;153.383;;;;;;;;;;;;;;;;2017-12-07 11:26:00.855726
77045811;800202;2-;6237;Kenneth Faried;3222;Denver Nuggets;1168;LaMarcus Aldridge;20;San Antonio Spurs;6233;Gary Harris;3;153.383;25.82;6.87;;;;;;;;Pick-n-roll without a ball;;Floater;;;;2017-12-07 11:26:00.855726
77045813;100200;Game stop;;;;;;;;;;;3;158.691;;;;;;;;;;;;;;;;2017-12-07 11:26:00.855726
77045814;300100;Foul;104434;Kostas Papanikolaou;3222;Denver Nuggets;1165;Kawhi Leonard;20;San Antonio Spurs;;;3;158.691;;;;;;;;;;;;;;;;2017-12-07 11:26:00.855726
77045818;100300;Rebound;7469;Joffrey Lauvergne;3222;Denver Nuggets;;;;;;;3;183.549;;;;;;;;;;;;;;;;2017-12-07 11:26:00.855726
77045819;400101;Accurate pass;7469;Joffrey Lauvergne;3222;Denver Nuggets;;;;;6233;Gary Harris;3;192.833;;;;;;;;;;;;;;;;2017-12-07 11:26:00.855726
77045820;200300;Pick'n'Roll;7469;Joffrey Lauvergne;3222;Denver Nuggets;;;;;6233;Gary Harris;3;192.833;;;;;;;;;;;;;;;;2017-12-07 11:26:00.855726
77045821;800201;2+;6233;Gary Harris;3222;Denver Nuggets;;;;;7469;Joffrey Lauvergne;3;192.833;23.42;2.40;;;;;;;;Pick'n'Roll;;Jumper;;;;2017-12-07 11:26:00.855726
77045823;100300;Rebound;7469;Joffrey Lauvergne;3222;Denver Nuggets;;;;;;;3;208.347;;;;;;;;;;;;;;;;2017-12-07 11:26:00.855726
77045824;400101;Accurate pass;7662;Jameer Nelson;3222;Denver Nuggets;;;;;7469;Joffrey Lauvergne;3;220.069;;;;;;;;;;;;;;;;2017-12-07 11:26:00.855726
77045825;200300;Pick'n'Roll;7469;Joffrey Lauvergne;3222;Denver Nuggets;;;;;7662;Jameer Nelson;3;220.069;;;;;;;;;;Pick'n'pop;;;;;;2017-12-07 11:26:00.855726
77045826;800201;2+;7469;Joffrey Lauvergne;3222;Denver Nuggets;;;;;7662;Jameer Nelson;3;220.069;25.49;8.10;;;;;;;;Pick'n'pop;;Jumper;;;;2017-12-07 11:26:00.855726
77045828;200300;Pick'n'Roll;7469;Joffrey Lauvergne;3222;Denver Nuggets;;;;;7662;Jameer Nelson;3;255.373;;;;;;;;;;;;;;;;2017-12-07 11:26:00.855726
77045829;800202;2-;7469;Joffrey Lauvergne;3222;Denver Nuggets;7462;David West;20;San Antonio Spurs;7662;Jameer Nelson;3;255.373;26.42;8.64;;;;;;;;Pick-n-roll without a ball;;Jumper;;;;2017-12-07 11:26:00.855726
77045830;100200;Game stop;;;;;;;;;;;3;255.373;;;;;;;;;;;;;;;;2017-12-07 11:26:00.855726
77045831;100300;Rebound;;;3222;Denver Nuggets;;;;;;;3;255.373;;;;;;;;;;;;;;;;2017-12-07 11:26:00.855726
77045832;100100;Ball in play;;;3222;Denver Nuggets;;;;;;;3;276.016;;;;;;;;;;;;;;;;2019-10-24 13:29:02.254799
77045833;800302;3-;7662;Jameer Nelson;3222;Denver Nuggets;;;;;;;3;283.016;20.48;11.28;;;;;;;;Hand offs;;Jumper;;;;2017-12-07 11:26:00.855726
77045834;100300;Rebound;104434;Kostas Papanikolaou;3222;Denver Nuggets;;;;;;;3;283.016;;;;;;;;;;;;;;;;2017-12-07 11:26:00.855726
77045835;800202;2-;7662;Jameer Nelson;3222;Denver Nuggets;7462;David West;20;San Antonio Spurs;;;3;295.797;26.57;7.05;;;;;;;;Pick'n'Roll;;Lay up;;;;2017-12-07 11:26:00.855726
77045836;100200;Game stop;;;;;;;;;;;3;295.797;;;;;;;;;;;;;;;;2017-12-07 11:26:00.855726
77045837;100300;Rebound;;;3222;Denver Nuggets;;;;;;;3;295.797;;;;;;;;;;;;;;;;2017-12-07 11:26:00.855726
77045838;100100;Ball in play;;;3222;Denver Nuggets;;;;;;;3;311.305;;;;;;;;;;;;;;;;2019-10-24 13:29:02.254799
77045839;800202;2-;6237;Kenneth Faried;3222;Denver Nuggets;;;;;;;3;321.305;22.13;9.45;;;;;;;;;;Jumper;;;;2017-12-07 11:26:00.855726
77045843;100200;Game stop;;;;;;;;;;;3;339.273;;;;;;;;;;;;;;;;2017-12-07 11:26:00.855726
77045844;1800600;Timeout;;;3222;Denver Nuggets;;;;;;;3;339.273;;;;;;;;;;;;;;;;2017-12-07 11:26:00.855726
77045845;100100;Ball in play;;;3222;Denver Nuggets;;;;;;;3;341.680;;;;;;;;;;;;;;;;2019-10-24 13:29:02.254799
77045846;400101;Accurate pass;7662;Jameer Nelson;3222;Denver Nuggets;;;;;6233;Gary Harris;3;357.680;;;;;;;;;;;;;;;;2017-12-07 11:26:00.855726
77045847;800201;2+;6233;Gary Harris;3222;Denver Nuggets;;;;;7662;Jameer Nelson;3;357.680;26.72;7.50;;;;;;;;Catch and Drive;;Lay up;Drives Right;;;2017-12-07 11:26:00.855726
77045852;100200;Game stop;;;;;;;;;;;3;391.513;;;;;;;;;;;;;;;;2017-12-07 11:26:00.855726
77045853;300100;Foul;6237;Kenneth Faried;3222;Denver Nuggets;1169;Danny Green;20;San Antonio Spurs;;;3;391.513;;;;;;;;;;;;;;;;2017-12-07 11:26:00.855726
77045857;100300;Rebound;7469;Joffrey Lauvergne;3222;Denver Nuggets;;;;;;;3;418.143;;;;;;;;;;;;;;;;2017-12-07 11:26:00.855726
77045858;200300;Pick'n'Roll;7469;Joffrey Lauvergne;3222;Denver Nuggets;;;;;6233;Gary Harris;3;428.234;;;;;;;;;;Pick'n'pop;;;;;;2017-12-07 11:26:00.855726
77045859;800302;3-;7469;Joffrey Lauvergne;3222;Denver Nuggets;;;;;6233;Gary Harris;3;428.234;20.81;2.40;;;;;;;;Pick'n'pop;;Jumper;;;;2017-12-07 11:26:00.855726
77045864;100200;Game stop;;;;;;;;;;;3;463.434;;;;;;;;;;;;;;;;2017-12-07 11:26:00.855726
77045865;300100;Foul;7662;Jameer Nelson;3222;Denver Nuggets;1169;Danny Green;20;San Antonio Spurs;;;3;463.434;;;;;;;;;;;;;;;;2017-12-07 11:26:00.855726
77045867;1600500;Guard;6245;Darrell Arthur;3222;Denver Nuggets;6237;Kenneth Faried;3222;Denver Nuggets;;;3;504.144;;;;;;;;;;;;;;;;2017-12-07 11:26:00.855726
77045869;100200;Game stop;;;;;;;;;;;3;504.144;;;;;;;;;;;;;;;;2017-12-07 11:26:00.855726
77045870;1600500;Guard;6234;Nikola Jokic;3222;Denver Nuggets;7469;Joffrey Lauvergne;3222;Denver Nuggets;;;3;504.144;;;;;;;;;;;;;;;;2017-12-07 11:26:00.855726
77045872;100200;Game stop;;;;;;;;;;;3;504.144;;;;;;;;;;;;;;;;2017-12-07 11:26:00.855726
77045875;100300;Rebound;;;3222;Denver Nuggets;;;;;;;3;504.144;;;;;;;;;;;;;;;;2017-12-07 11:26:00.855726
77045876;1600500;Guard;6231;Will Barton;3222;Denver Nuggets;104434;Kostas Papanikolaou;3222;Denver Nuggets;;;3;544.912;;;;;;;;;;;;;;;;2017-12-07 11:26:00.855726
77045877;100100;Ball in play;;;3222;Denver Nuggets;;;;;;;3;544.912;;;;;;;;;;;;;;;;2019-10-24 13:29:02.254799
77045880;100300;Rebound;7662;Jameer Nelson;3222;Denver Nuggets;;;;;;;3;563.230;;;;;;;;;;;;;;;;2017-12-07 11:26:00.855726
77045881;800201;2+;6231;Will Barton;3222;Denver Nuggets;;;;;;;3;571.908;21.65;10.83;;;;;;;;Pick'n'Roll;;Jumper;;;;2017-12-07 11:26:00.855726
77045882;100200;Game stop;;;;;;;;;;;3;571.908;;;;;;;;;;;;;;;;2017-12-07 11:26:00.855726
77045884;1600500;Guard;7534;Randy Foye;3222;Denver Nuggets;7662;Jameer Nelson;3222;Denver Nuggets;;;3;610.248;;;;;;;;;;;;;;;;2017-12-07 11:26:00.855726
77045890;400101;Accurate pass;6234;Nikola Jokic;3222;Denver Nuggets;;;;;6231;Will Barton;3;630.690;;;;;;;;;;;;;;;;2017-12-07 11:26:00.855726
77045891;800301;3+;6231;Will Barton;3222;Denver Nuggets;;;;;6234;Nikola Jokic;3;630.690;27.35;14.67;;;;;;;;Screen off;;Jumper;;;;2017-12-07 11:26:00.855726
77045894;200600;Post;6234;Nikola Jokic;3222;Denver Nuggets;;;;;;;3;664.849;;;;;;;;;;;;;;;;2017-12-07 11:26:00.855726
77045895;800202;2-;6234;Nikola Jokic;3222;Denver Nuggets;;;;;;;3;664.849;23.33;8.19;;;;;;;;Post;;Jumper;;;;2017-12-07 11:26:00.855726
77045899;100200;Game stop;;;;;;;;;;;3;677.305;;;;;;;;;;;;;;;;2017-12-07 11:26:00.855726
77045900;300100;Foul;6234;Nikola Jokic;3222;Denver Nuggets;1165;Kawhi Leonard;20;San Antonio Spurs;;;3;677.305;;;;;;;;;;;;;;;;2017-12-07 11:26:00.855726
77045905;100100;Ball in play;;;3222;Denver Nuggets;;;;;;;3;729.884;;;;;;;;;;;;;;;;2019-10-24 13:29:02.254799
77045906;400101;Accurate pass;6233;Gary Harris;3222;Denver Nuggets;;;;;7534;Randy Foye;3;751.884;;;;;;;;;;;;;;;;2017-12-07 11:26:00.855726
77045907;800301;3+;7534;Randy Foye;3222;Denver Nuggets;;;;;6233;Gary Harris;3;751.884;21.11;2.88;;;;;;;;Catch and shoot;;Jumper;;;;2017-12-07 11:26:00.855726
77045908;100200;Game stop;;;;;;;;;;;3;762.079;;;;;;;;;;;;;;;;2017-12-07 11:26:00.855726
77045911;100100;Ball in play;;;3222;Denver Nuggets;;;;;;;3;795.360;;;;;;;;;;;;;;;;2019-10-24 13:29:02.254799
77045912;200300;Pick'n'Roll;6234;Nikola Jokic;3222;Denver Nuggets;;;;;7534;Randy Foye;3;795.360;;;;;;;;;;;;;;;;2017-12-07 11:26:00.855726
77045913;800202;2-;6234;Nikola Jokic;3222;Denver Nuggets;;;;;7534;Randy Foye;3;795.360;24.74;8.13;;;;;;;;Pick-n-roll without a ball;;Floater;;;;2017-12-07 11:26:00.855726
77045914;100300;Rebound;6234;Nikola Jokic;3222;Denver Nuggets;;;;;;;3;795.360;;;;;;;;;;;;;;;;2017-12-07 11:26:00.855726
77045917;100300;Rebound;6233;Gary Harris;3222;Denver Nuggets;;;;;;;3;826.467;;;;;;;;;;;;;;;;2017-12-07 11:26:00.855726
77045918;400101;Accurate pass;6233;Gary Harris;3222;Denver Nuggets;;;;;6234;Nikola Jokic;3;835.892;;;;;;;;;;;;;;;;2017-12-07 11:26:00.855726
77045919;200300;Pick'n'Roll;6234;Nikola Jokic;3222;Denver Nuggets;;;;;6233;Gary Harris;3;835.892;;;;;;;;;;;;;;;;2017-12-07 11:26:00.855726
77045920;800201;2+;6234;Nikola Jokic;3222;Denver Nuggets;;;;;6233;Gary Harris;3;835.892;25.76;5.28;;;;;;;;Pick-n-roll without a ball;;Hook;;;;2017-12-07 11:26:00.855726
77045922;400101;Accurate pass;6234;Nikola Jokic;3222;Denver Nuggets;;;;;6231;Will Barton;3;900.540;;;;;;;;;;;;;;;;2017-12-07 11:26:00.855726
77045923;200300;Pick'n'Roll;6234;Nikola Jokic;3222;Denver Nuggets;;;;;6231;Will Barton;3;900.540;;;;;;;;;;;;;;;;2017-12-07 11:26:00.855726
77045924;800301;3+;6231;Will Barton;3222;Denver Nuggets;;;;;6234;Nikola Jokic;3;900.540;21.71;12.81;;;;;;;;Pick'n'Roll;;Jumper;;;;2017-12-07 11:26:00.855726
77045926;100200;Game stop;;;;;;;;;;;3;929.382;;;;;;;;;;;;;;;;2017-12-07 11:26:00.855726
77045930;100100;Ball in play;;;3222;Denver Nuggets;;;;;;;3;972.977;;;;;;;;;;;;;;;;2019-10-24 13:29:02.254799
77045931;400101;Accurate pass;7534;Randy Foye;3222;Denver Nuggets;;;;;6234;Nikola Jokic;3;972.977;;;;;;;;;;;;;;;;2017-12-07 11:26:00.855726
77045932;200300;Pick'n'Roll;6234;Nikola Jokic;3222;Denver Nuggets;;;;;7534;Randy Foye;3;972.977;;;;;;;;;;;;;;;;2017-12-07 11:26:00.855726
77045933;800201;2+;6234;Nikola Jokic;3222;Denver Nuggets;;;;;7534;Randy Foye;3;972.977;25.91;6.33;;;;;;;;Pick-n-roll without a ball;;Jumper;;;;2017-12-07 11:26:00.855726
77045935;100300;Rebound;6245;Darrell Arthur;3222;Denver Nuggets;;;;;;;3;996.315;;;;;;;;;;;;;;;;2017-12-07 11:26:00.855726
77045936;400101;Accurate pass;6234;Nikola Jokic;3222;Denver Nuggets;;;;;6231;Will Barton;3;1016.156;;;;;;;;;;;;;;;;2017-12-07 11:26:00.855726
77045937;800201;2+;6231;Will Barton;3222;Denver Nuggets;;;;;6234;Nikola Jokic;3;1016.156;27.02;7.62;;;;;;;;Cut;;;;;;2017-12-07 11:26:00.855726
77045938;100400;Steal;6231;Will Barton;3222;Denver Nuggets;2422;Jonathon Simmons;20;San Antonio Spurs;;;3;1032.822;;;;;;;;;;;;;;;;2017-12-07 11:26:00.855726
77045939;800202;2-;6231;Will Barton;3222;Denver Nuggets;1168;LaMarcus Aldridge;20;San Antonio Spurs;;;3;1037.460;25.82;7.80;;;;;;;;Transition;;Jumper;;;;2017-12-07 11:26:00.855726
77045940;100300;Rebound;6231;Will Barton;3222;Denver Nuggets;;;;;;;3;1041.194;;;;;;;;;;;;;;;;2017-12-07 11:26:00.855726
77045941;800302;3-;6231;Will Barton;3222;Denver Nuggets;;;;;;;3;1041.194;25.43;0.93;;;;;;;;Putbacks;;Jumper;;;;2017-12-07 11:26:00.855726
77045942;100300;Rebound;;;3222;Denver Nuggets;;;;;;;3;1041.194;;;;;;;;;;;;;;;;2017-12-07 11:26:00.855726
77045943;1800500;Halftime;;;;;;;;;;;3;1041.194;;;;;;;;;;;;;;;;2017-12-07 11:26:00.855726
77045944;1800400;4th quarter;;;;;;;;;;;4;0.000;;;;;;;;;;;;;;;;2017-12-07 11:26:00.855726
77045950;1600500;Guard;6231;Will Barton;3222;Denver Nuggets;;;;;;;4;0.000;;;;;;;;;;;;;;;;2017-12-07 11:26:00.855726
77045951;1600500;Guard;6234;Nikola Jokic;3222;Denver Nuggets;;;;;;;4;0.000;;;;;;;;;;;;;;;;2017-12-07 11:26:00.855726
77045952;1600500;Guard;6245;Darrell Arthur;3222;Denver Nuggets;;;;;;;4;0.000;;;;;;;;;;;;;;;;2017-12-07 11:26:00.855726
77045953;1600500;Guard;6248;Mike Miller;3222;Denver Nuggets;;;;;;;4;0.000;;;;;;;;;;;;;;;;2017-12-07 11:26:00.855726
77045954;1600500;Guard;7534;Randy Foye;3222;Denver Nuggets;;;;;;;4;0.000;;;;;;;;;;;;;;;;2017-12-07 11:26:00.855726
77045958;800202;2-;6245;Darrell Arthur;3222;Denver Nuggets;;;;;;;4;31.901;22.88;3.57;;;;;;;;Isolation;;Jumper;;Quick first step;;2017-12-07 11:26:00.855726
77045962;100200;Game stop;;;;;;;;;;;4;44.092;;;;;;;;;;;;;;;;2017-12-07 11:26:00.855726
77045963;300100;Foul;6231;Will Barton;3222;Denver Nuggets;1165;Kawhi Leonard;20;San Antonio Spurs;;;4;44.092;;;;;;;;;;;;;;;;2017-12-07 11:26:00.855726
77045966;100100;Ball in play;;;3222;Denver Nuggets;;;;;;;4;91.107;;;;;;;;;;;;;;;;2019-10-24 13:29:02.254799
77045967;800202;2-;7534;Randy Foye;3222;Denver Nuggets;8593;Boban Marjanovic;20;San Antonio Spurs;;;4;105.107;26.57;7.02;;;;;;;;Pick'n'Roll;;Lay up;;;;2017-12-07 11:26:00.855726
77045968;100200;Game stop;;;;;;;;;;;4;105.107;;;;;;;;;;;;;;;;2017-12-07 11:26:00.855726
77045969;100300;Rebound;;;3222;Denver Nuggets;;;;;;;4;105.107;;;;;;;;;;;;;;;;2017-12-07 11:26:00.855726
77045970;100100;Ball in play;;;3222;Denver Nuggets;;;;;;;4;117.537;;;;;;;;;;;;;;;;2019-10-24 13:29:02.254799
77045971;400101;Accurate pass;7534;Randy Foye;3222;Denver Nuggets;;;;;6245;Darrell Arthur;4;120.537;;;;;;;;;;;;;;;;2017-12-07 11:26:00.855726
77045972;800201;2+;6245;Darrell Arthur;3222;Denver Nuggets;;;;;7534;Randy Foye;4;120.537;26.81;12.57;;;;;;;;Screen off;;Jumper;;;;2017-12-07 11:26:00.855726
77045975;100200;Game stop;;;;;;;;;;;4;140.964;;;;;;;;;;;;;;;;2017-12-07 11:26:00.855726
77045976;300100;Foul;6245;Darrell Arthur;3222;Denver Nuggets;7864;Boris Diaw;20;San Antonio Spurs;;;4;140.964;;;;;;;;;;;;;;;;2017-12-07 11:26:00.855726
77045978;100100;Ball in play;;;3222;Denver Nuggets;;;;;;;4;170.664;;;;;;;;;;;;;;;;2019-10-24 13:29:02.254799
77045981;100300;Rebound;6231;Will Barton;3222;Denver Nuggets;;;;;;;4;201.240;;;;;;;;;;;;;;;;2017-12-07 11:26:00.855726
77045982;200300;Pick'n'Roll;6234;Nikola Jokic;3222;Denver Nuggets;;;;;6231;Will Barton;4;210.556;;;;;;;;;;Pick'n'pop;;;;;;2017-12-07 11:26:00.855726
77045983;800302;3-;6234;Nikola Jokic;3222;Denver Nuggets;;;;;6231;Will Barton;4;210.556;19.49;8.43;;;;;;;;Pick'n'pop;;Jumper;;;;2017-12-07 11:26:00.855726
77045985;100200;Game stop;;;;;;;;;;;4;227.937;;;;;;;;;;;;;;;;2017-12-07 11:26:00.855726
77045987;100100;Ball in play;;;3222;Denver Nuggets;;;;;;;4;242.132;;;;;;;;;;;;;;;;2019-10-24 13:29:02.254799
77045988;400101;Accurate pass;7534;Randy Foye;3222;Denver Nuggets;;;;;6234;Nikola Jokic;4;260.132;;;;;;;;;;;;;;;;2017-12-07 11:26:00.855726
77045989;200300;Pick'n'Roll;6234;Nikola Jokic;3222;Denver Nuggets;;;;;7534;Randy Foye;4;260.132;;;;;;;;;;;;;;;;2017-12-07 11:26:00.855726
77045990;800201;2+;6234;Nikola Jokic;3222;Denver Nuggets;;;;;7534;Randy Foye;4;260.132;26.42;7.44;;;;;;;;Pick-n-roll without a ball;;;;;;2017-12-07 11:26:00.855726
77045993;100200;Game stop;;;;;;;;;;;4;281.816;;;;;;;;;;;;;;;;2017-12-07 11:26:00.855726
77045994;1800600;Timeout;;;3222;Denver Nuggets;;;;;;;4;281.816;;;;;;;;;;;;;;;;2017-12-07 11:26:00.855726
77045995;100100;Ball in play;;;3222;Denver Nuggets;;;;;;;4;307.269;;;;;;;;;;;;;;;;2019-10-24 13:29:02.254799
77045996;400101;Accurate pass;6231;Will Barton;3222;Denver Nuggets;;;;;6234;Nikola Jokic;4;320.269;;;;;;;;;;;;;;;;2017-12-07 11:26:00.855726
77045997;200300;Pick'n'Roll;6234;Nikola Jokic;3222;Denver Nuggets;;;;;6231;Will Barton;4;320.269;;;;;;;;;;;;;;;;2017-12-07 11:26:00.855726
77045998;800201;2+;6234;Nikola Jokic;3222;Denver Nuggets;;;;;6231;Will Barton;4;320.269;27.02;7.62;;;;;;;;Pick-n-roll without a ball;;;;;;2017-12-07 11:26:00.855726
77046001;100300;Rebound;6231;Will Barton;3222;Denver Nuggets;;;;;;;4;345.859;;;;;;;;;;;;;;;;2017-12-07 11:26:00.855726
77046002;800201;2+;6231;Will Barton;3222;Denver Nuggets;;;;;;;4;354.122;26.96;7.98;;;;;;;;Pick'n'Roll;;Lay up;;;;2017-12-07 11:26:00.855726
77046005;800202;2-;6245;Darrell Arthur;3222;Denver Nuggets;;;;;;;4;384.304;22.13;8.19;;;;;;;;Catch and shoot;;Jumper;;;;2017-12-07 11:26:00.855726
77046008;100300;Rebound;7534;Randy Foye;3222;Denver Nuggets;;;;;;;4;400.108;;;;;;;;;;;;;;;;2017-12-07 11:26:00.855726
77046009;200600;Post;6234;Nikola Jokic;3222;Denver Nuggets;;;;;;;4;413.435;;;;;;;;;;;;;;;;2017-12-07 11:26:00.855726
77046010;800202;2-;6234;Nikola Jokic;3222;Denver Nuggets;8593;Boban Marjanovic;20;San Antonio Spurs;;;4;413.435;26.72;8.88;;;;;;;;Post;;Jumper;;;;2017-12-07 11:26:00.855726
77046011;100300;Rebound;6234;Nikola Jokic;3222;Denver Nuggets;;;;;;;4;413.435;;;;;;;;;;;;;;;;2017-12-07 11:26:00.855726
77046012;800202;2-;6234;Nikola Jokic;3222;Denver Nuggets;;;;;;;4;413.435;27.05;8.28;;;;;;;;Putbacks;;Lay up;;;;2017-12-07 11:26:00.855726
77046014;100200;Game stop;;;;;;;;;;;4;424.440;;;;;;;;;;;;;;;;2017-12-07 11:26:00.855726
77046015;300100;Foul;6234;Nikola Jokic;3222;Denver Nuggets;8593;Boban Marjanovic;20;San Antonio Spurs;;;4;424.440;;;;;;;;;;;;;;;;2017-12-07 11:26:00.855726
77046019;100200;Game stop;;;;;;;;;;;4;474.357;;;;;;;;;;;;;;;;2017-12-07 11:26:00.855726
77046021;100100;Ball in play;;;3222;Denver Nuggets;;;;;;;4;492.292;;;;;;;;;;;;;;;;2019-10-24 13:29:02.254799
77046022;800302;3-;6231;Will Barton;3222;Denver Nuggets;;;;;;;4;503.292;21.41;13.05;;;;;;;;Hand offs;;Jumper;;;;2017-12-07 11:26:00.855726
77046024;100200;Game stop;;;;;;;;;;;4;509.647;;;;;;;;;;;;;;;;2017-12-07 11:26:00.855726
77046025;300100;Foul;6245;Darrell Arthur;3222;Denver Nuggets;1166;Patty Mills;20;San Antonio Spurs;;;4;509.647;;;;;;;;;;;;;;;;2017-12-07 11:26:00.855726
77046028;100300;Rebound;6248;Mike Miller;3222;Denver Nuggets;;;;;;;4;565.749;;;;;;;;;;;;;;;;2017-12-07 11:26:00.855726
77046029;400101;Accurate pass;6231;Will Barton;3222;Denver Nuggets;;;;;6234;Nikola Jokic;4;577.020;;;;;;;;;;;;;;;;2017-12-07 11:26:00.855726
77046030;800301;3+;6234;Nikola Jokic;3222;Denver Nuggets;;;;;6231;Will Barton;4;577.020;20.21;4.20;;;;;;;;Catch and shoot;;Jumper;;;;2017-12-07 11:26:00.855726
77046032;100300;Rebound;6248;Mike Miller;3222;Denver Nuggets;;;;;;;4;598.183;;;;;;;;;;;;;;;;2017-12-07 11:26:00.855726
77046033;800302;3-;7534;Randy Foye;3222;Denver Nuggets;;;;;6231;Will Barton;4;612.781;25.67;14.97;;;;;;;;Catch and shoot;;Jumper;;;;2017-12-07 11:26:00.855726
77046037;100200;Game stop;;;;;;;;;;;4;623.839;;;;;;;;;;;;;;;;2017-12-07 11:26:00.855726
77046038;300100;Foul;6234;Nikola Jokic;3222;Denver Nuggets;8593;Boban Marjanovic;20;San Antonio Spurs;;;4;623.839;;;;;;;;;;;;;;;;2017-12-07 11:26:00.855726
77046039;1800600;Timeout;;;;;;;;;;;4;623.839;;;;;;;;;;;;;;;;2017-12-07 11:26:00.855726
77046040;1600500;Guard;104434;Kostas Papanikolaou;3222;Denver Nuggets;6248;Mike Miller;3222;Denver Nuggets;;;4;652.665;;;;;;;;;;;;;;;;2017-12-07 11:26:00.855726
77046043;100100;Ball in play;;;3222;Denver Nuggets;;;;;;;4;666.172;;;;;;;;;;;;;;;;2019-10-24 13:29:02.254799
77046044;800201;2+;6231;Will Barton;3222;Denver Nuggets;;;;;;;4;683.172;27.23;8.34;;;;;;;;Pick'n'Roll;;Lay up;;;;2017-12-07 11:26:00.855726
77046048;800202;2-;104434;Kostas Papanikolaou;3222;Denver Nuggets;;;;;6231;Will Barton;4;724.037;23.18;4.71;;;;;;;;Catch and Drive;;Jumper;Drives Right;;;2017-12-07 11:26:00.855726
77046050;100200;Game stop;;;;;;;;;;;4;734.634;;;;;;;;;;;;;;;;2017-12-07 11:26:00.855726
77046052;1600500;Guard;6233;Gary Harris;3222;Denver Nuggets;6245;Darrell Arthur;3222;Denver Nuggets;;;4;766.525;;;;;;;;;;;;;;;;2017-12-07 11:26:00.855726
77046053;100100;Ball in play;;;3222;Denver Nuggets;;;;;;;4;766.525;;;;;;;;;;;;;;;;2019-10-24 13:29:02.254799
77046054;400101;Accurate pass;7534;Randy Foye;3222;Denver Nuggets;;;;;6234;Nikola Jokic;4;766.525;;;;;;;;;;;;;;;;2017-12-07 11:26:00.855726
77046055;200300;Pick'n'Roll;6234;Nikola Jokic;3222;Denver Nuggets;;;;;7534;Randy Foye;4;766.525;;;;;;;;;;;;;;;;2017-12-07 11:26:00.855726
77046056;800201;2+;6234;Nikola Jokic;3222;Denver Nuggets;;;;;7534;Randy Foye;4;766.525;26.06;7.80;;;;;;;;Pick-n-roll without a ball;;Floater;;;;2017-12-07 11:26:00.855726
77046059;800202;2-;7534;Randy Foye;3222;Denver Nuggets;8593;Boban Marjanovic;20;San Antonio Spurs;;;4;804.607;26.21;7.83;;;;;;;;Pick'n'Roll;;Lay up;;;;2017-12-07 11:26:00.855726
77046060;100300;Rebound;6234;Nikola Jokic;3222;Denver Nuggets;;;;;;;4;804.607;;;;;;;;;;;;;;;;2017-12-07 11:26:00.855726
77046061;800201;2+;6234;Nikola Jokic;3222;Denver Nuggets;;;;;;;4;804.607;26.57;7.05;;;;;;;;Putbacks;;Dunk;;;;2017-12-07 11:26:00.855726
77046062;100400;Steal;6234;Nikola Jokic;3222;Denver Nuggets;1166;Patty Mills;20;San Antonio Spurs;;;4;830.348;;;;;;;;;;;;;;;;2017-12-07 11:26:00.855726
77046063;100200;Game stop;;;;;;;;;;;4;830.348;;;;;;;;;;;;;;;;2017-12-07 11:26:00.855726
77046067;100100;Ball in play;;;3222;Denver Nuggets;;;;;;;4;865.311;;;;;;;;;;;;;;;;2019-10-24 13:29:02.254799
77046068;400101;Accurate pass;7534;Randy Foye;3222;Denver Nuggets;;;;;6234;Nikola Jokic;4;865.311;;;;;;;;;;;;;;;;2017-12-07 11:26:00.855726
77046069;100200;Game stop;;;;;;;;;;;4;865.311;;;;;;;;;;;;;;;;2017-12-07 11:26:00.855726
77046072;200300;Pick'n'Roll;6234;Nikola Jokic;3222;Denver Nuggets;;;;;7534;Randy Foye;4;865.311;;;;;;;;;;;;;;;;2017-12-07 11:26:00.855726
77046073;800400;2+1;6234;Nikola Jokic;3222;Denver Nuggets;;;;;7534;Randy Foye;4;865.311;25.97;7.89;;;;;;;;Pick-n-roll without a ball;;Jumper;;;;2017-12-07 11:26:00.855726
77046077;800102;1-;6234;Nikola Jokic;3222;Denver Nuggets;8593;Boban Marjanovic;20;San Antonio Spurs;;;4;888.927;;;;;;;;;;;;;;;;2017-12-07 11:26:00.855726
77046083;800201;2+;7534;Randy Foye;3222;Denver Nuggets;;;;;;;4;917.128;25.34;6.42;;;;;;;;Pick'n'Roll;;Jumper;;;;2017-12-07 11:26:00.855726
77046085;100300;Rebound;104434;Kostas Papanikolaou;3222;Denver Nuggets;;;;;;;4;931.769;;;;;;;;;;;;;;;;2017-12-07 11:26:00.855726
77046086;800202;2-;7534;Randy Foye;3222;Denver Nuggets;;;;;6231;Will Barton;4;943.304;26.42;6.78;;;;;;;;Catch and Drive;;Jumper;Drives Right;;;2017-12-07 11:26:00.855726
77046090;800302;3-;6233;Gary Harris;3222;Denver Nuggets;;;;;;;4;979.259;21.41;13.23;;;;;;;;Isolation;;Jumper;;Quick first step;;2017-12-07 11:26:00.855726
77046093;100300;Rebound;6231;Will Barton;3222;Denver Nuggets;;;;;;;4;998.829;;;;;;;;;;;;;;;;2017-12-07 11:26:00.855726
77046094;800202;2-;6231;Will Barton;3222;Denver Nuggets;;;;;;;4;1005.810;26.66;8.22;;;;;;;;Transition;;Lay up;;;;2017-12-07 11:26:00.855726
77046097;800202;2-;6233;Gary Harris;3222;Denver Nuggets;;;;;7534;Randy Foye;4;1045.167;23.60;8.49;;;;;;;;Catch and Drive;;Jumper;Drives Right;;;2017-12-07 11:26:00.855726
77046098;100200;Game stop;;;;;;;;;;;4;1045.167;;;;;;;;;;;;;;;;2017-12-07 11:26:00.855726
77046101;1800700;Match end;;;;;;;;;;;4;1068.267;;;;;;;;;;;;;;;;2017-12-07 11:26:00.855726
93268336;100500;Turnover;6237;Kenneth Faried;3222;Denver Nuggets;;;;;;;3;391.513;;;;;;;;;;;;;;;;2018-01-11 20:51:03.413039
103665127;200900;Assisting;6233;Gary Harris;3222;Denver Nuggets;;;;;;;1;112.189;;;;;;;;;;;;;;;;2018-04-19 11:13:04.701724
103665131;200900;Assisting;7469;Joffrey Lauvergne;3222;Denver Nuggets;;;;;;;1;190.342;;;;;;;;;;;;;;;;2018-04-19 11:13:04.701724
103665133;200900;Assisting;7662;Jameer Nelson;3222;Denver Nuggets;;;;;;;1;215.239;;;;;;;;;;;;;;;;2018-04-19 11:13:04.701724
103665141;200900;Assisting;6233;Gary Harris;3222;Denver Nuggets;;;;;;;1;469.748;;;;;;;;;;;;;;;;2018-04-19 11:13:04.701724
103665145;200900;Assisting;6237;Kenneth Faried;3222;Denver Nuggets;;;;;6233;Gary Harris;1;503.525;;;;;;;;;;;;;;;;2018-04-19 11:13:04.701724
103665147;200900;Assisting;104434;Kostas Papanikolaou;3222;Denver Nuggets;;;;;;;1;528.534;;;;;;;;;;;;;;;;2018-04-19 11:13:04.701724
103665149;200900;Assisting;6237;Kenneth Faried;3222;Denver Nuggets;;;;;6233;Gary Harris;1;579.496;;;;;;;;;;;;;;;;2018-04-19 11:13:04.701724
103665157;200900;Assisting;6245;Darrell Arthur;3222;Denver Nuggets;;;;;6234;Nikola Jokic;1;762.597;;;;;;;;;;;;;;;;2018-04-19 11:13:04.701724
103665159;200900;Assisting;6245;Darrell Arthur;3222;Denver Nuggets;;;;;104434;Kostas Papanikolaou;1;834.037;;;;;;;;;;;;;;;;2018-04-19 11:13:04.701724
103665163;200900;Assisting;6233;Gary Harris;3222;Denver Nuggets;;;;;104434;Kostas Papanikolaou;1;882.438;;;;;;;;;;;;;;;;2018-04-19 11:13:04.701724
103665165;200900;Assisting;6234;Nikola Jokic;3222;Denver Nuggets;;;;;;;2;42.347;;;;;;;;;;;;;;;;2018-04-19 11:13:04.701724
103665171;200900;Assisting;6234;Nikola Jokic;3222;Denver Nuggets;;;;;6245;Darrell Arthur;2;263.611;;;;;;;;;;;;;;;;2018-04-19 11:13:04.701724
103665177;200900;Assisting;6231;Will Barton;3222;Denver Nuggets;;;;;6234;Nikola Jokic;2;512.723;;;;;;;;;;;;;;;;2018-04-19 11:13:04.701724
103665189;200900;Assisting;7469;Joffrey Lauvergne;3222;Denver Nuggets;;;;;6233;Gary Harris;2;800.499;;;;;;;;;;;;;;;;2018-04-19 11:13:04.701724
103665193;200900;Assisting;6237;Kenneth Faried;3222;Denver Nuggets;;;;;6231;Will Barton;2;841.008;;;;;;;;;;;;;;;;2018-04-19 11:13:04.701724
103665199;200900;Assisting;7469;Joffrey Lauvergne;3222;Denver Nuggets;;;;;104434;Kostas Papanikolaou;2;940.118;;;;;;;;;;;;;;;;2018-04-19 11:13:04.701724
103665205;200900;Assisting;6237;Kenneth Faried;3222;Denver Nuggets;;;;;7662;Jameer Nelson;2;1025.267;;;;;;;;;;;;;;;;2018-04-19 11:13:04.701724
103665207;200900;Assisting;7662;Jameer Nelson;3222;Denver Nuggets;;;;;;;2;1051.339;;;;;;;;;;;;;;;;2018-04-19 11:13:04.701724
103665213;200900;Assisting;6233;Gary Harris;3222;Denver Nuggets;;;;;7469;Joffrey Lauvergne;3;192.833;;;;;;;;;;;;;;;;2018-04-19 11:13:04.701724
103665215;200900;Assisting;7469;Joffrey Lauvergne;3222;Denver Nuggets;;;;;7662;Jameer Nelson;3;220.069;;;;;;;;;;;;;;;;2018-04-19 11:13:04.701724
103665221;200900;Assisting;6233;Gary Harris;3222;Denver Nuggets;;;;;7662;Jameer Nelson;3;357.680;;;;;;;;;;;;;;;;2018-04-19 11:13:04.701724
103665227;200900;Assisting;6231;Will Barton;3222;Denver Nuggets;;;;;;;3;571.908;;;;;;;;;;;;;;;;2018-04-19 11:13:04.701724
103665231;200900;Assisting;6231;Will Barton;3222;Denver Nuggets;;;;;6234;Nikola Jokic;3;630.690;;;;;;;;;;;;;;;;2018-04-19 11:13:04.701724
103665237;200900;Assisting;7534;Randy Foye;3222;Denver Nuggets;;;;;6233;Gary Harris;3;751.884;;;;;;;;;;;;;;;;2018-04-19 11:13:04.701724
103665239;200900;Assisting;6234;Nikola Jokic;3222;Denver Nuggets;;;;;6233;Gary Harris;3;835.892;;;;;;;;;;;;;;;;2018-04-19 11:13:04.701724
103665243;200900;Assisting;6231;Will Barton;3222;Denver Nuggets;;;;;6234;Nikola Jokic;3;900.540;;;;;;;;;;;;;;;;2018-04-19 11:13:04.701724
103665245;200900;Assisting;6234;Nikola Jokic;3222;Denver Nuggets;;;;;7534;Randy Foye;3;972.977;;;;;;;;;;;;;;;;2018-04-19 11:13:04.701724
103665247;200900;Assisting;6231;Will Barton;3222;Denver Nuggets;;;;;6234;Nikola Jokic;3;1016.156;;;;;;;;;;;;;;;;2018-04-19 11:13:04.701724
103665253;200900;Assisting;6245;Darrell Arthur;3222;Denver Nuggets;;;;;7534;Randy Foye;4;120.537;;;;;;;;;;;;;;;;2018-04-19 11:13:04.701724
103665257;200900;Assisting;6234;Nikola Jokic;3222;Denver Nuggets;;;;;7534;Randy Foye;4;260.132;;;;;;;;;;;;;;;;2018-04-19 11:13:04.701724
103665261;200900;Assisting;6234;Nikola Jokic;3222;Denver Nuggets;;;;;6231;Will Barton;4;320.269;;;;;;;;;;;;;;;;2018-04-19 11:13:04.701724
103665263;200900;Assisting;6231;Will Barton;3222;Denver Nuggets;;;;;;;4;354.122;;;;;;;;;;;;;;;;2018-04-19 11:13:04.701724
103665267;200900;Assisting;6234;Nikola Jokic;3222;Denver Nuggets;;;;;6231;Will Barton;4;577.020;;;;;;;;;;;;;;;;2018-04-19 11:13:04.701724
103665271;200900;Assisting;6231;Will Barton;3222;Denver Nuggets;;;;;;;4;683.172;;;;;;;;;;;;;;;;2018-04-19 11:13:04.701724
103665275;200900;Assisting;6234;Nikola Jokic;3222;Denver Nuggets;;;;;7534;Randy Foye;4;766.525;;;;;;;;;;;;;;;;2018-04-19 11:13:04.701724
103665279;200900;Assisting;6234;Nikola Jokic;3222;Denver Nuggets;;;;;;;4;804.607;;;;;;;;;;;;;;;;2018-04-19 11:13:04.701724
103665281;200900;Assisting;6234;Nikola Jokic;3222;Denver Nuggets;;;;;7534;Randy Foye;4;865.311;;;;;;;;;;;;;;;;2018-04-19 11:13:04.701724
103665285;200900;Assisting;7534;Randy Foye;3222;Denver Nuggets;;;;;;;4;917.128;;;;;;;;;;;;;;;;2018-04-19 11:13:04.701724
77045447;1601000;Starting lineup;1168;LaMarcus Aldridge;20;San Antonio Spurs;;;;;;;1;0.000;;;;;;;;;;;;;;;;2017-12-07 11:26:00.855726
77045448;1601000;Starting lineup;36742;Matt Bonner;20;San Antonio Spurs;;;;;;;1;0.000;;;;;;;;;;;;;;;;2017-12-07 11:26:00.855726
77045449;1601000;Starting lineup;13666;Ray McCallum;20;San Antonio Spurs;;;;;;;1;0.000;;;;;;;;;;;;;;;;2017-12-07 11:26:00.855726
77045450;1601000;Starting lineup;8593;Boban Marjanovic;20;San Antonio Spurs;;;;;;;1;0.000;;;;;;;;;;;;;;;;2017-12-07 11:26:00.855726
77045451;1601000;Starting lineup;1164;Kyle Anderson;20;San Antonio Spurs;;;;;;;1;0.000;;;;;;;;;;;;;;;;2017-12-07 11:26:00.855726
77045452;1601000;Starting lineup;2422;Jonathon Simmons;20;San Antonio Spurs;;;;;;;1;0.000;;;;;;;;;;;;;;;;2017-12-07 11:26:00.855726
77045453;1601000;Starting lineup;7864;Boris Diaw;20;San Antonio Spurs;;;;;;;1;0.000;;;;;;;;;;;;;;;;2017-12-07 11:26:00.855726
77045454;1601000;Starting lineup;1166;Patty Mills;20;San Antonio Spurs;;;;;;;1;0.000;;;;;;;;;;;;;;;;2017-12-07 11:26:00.855726
77045455;1601000;Starting lineup;7462;David West;20;San Antonio Spurs;;;;;;;1;0.000;;;;;;;;;;;;;;;;2017-12-07 11:26:00.855726
77045456;1601000;Starting lineup;1167;Tony Parker;20;San Antonio Spurs;;;;;;;1;0.000;;;;;;;;;;;;;;;;2017-12-07 11:26:00.855726
77045457;1601000;Starting lineup;1169;Danny Green;20;San Antonio Spurs;;;;;;;1;0.000;;;;;;;;;;;;;;;;2017-12-07 11:26:00.855726
77045458;1601000;Starting lineup;1165;Kawhi Leonard;20;San Antonio Spurs;;;;;;;1;0.000;;;;;;;;;;;;;;;;2017-12-07 11:26:00.855726
77045470;1600500;Guard;1165;Kawhi Leonard;20;San Antonio Spurs;;;;;;;1;0.000;;;;;;;;;;;;;;;;2017-12-07 11:26:00.855726
77045471;1600500;Guard;1167;Tony Parker;20;San Antonio Spurs;;;;;;;1;0.000;;;;;;;;;;;;;;;;2017-12-07 11:26:00.855726
77045472;1600500;Guard;1168;LaMarcus Aldridge;20;San Antonio Spurs;;;;;;;1;0.000;;;;;;;;;;;;;;;;2017-12-07 11:26:00.855726
77045473;1600500;Guard;1169;Danny Green;20;San Antonio Spurs;;;;;;;1;0.000;;;;;;;;;;;;;;;;2017-12-07 11:26:00.855726
77045474;1600500;Guard;7462;David West;20;San Antonio Spurs;;;;;;;1;0.000;;;;;;;;;;;;;;;;2017-12-07 11:26:00.855726
77045480;100100;Ball in play;;;20;San Antonio Spurs;;;;;;;1;50.617;;;;;;;;;;;;;;;;2019-10-24 13:29:02.254799
77045481;800600;2F;1169;Danny Green;20;San Antonio Spurs;6233;Gary Harris;3222;Denver Nuggets;;;1;65.617;27.05;7.62;;;;;;;;Cut;;;;;;2017-12-07 11:26:00.855726
77045484;800101;1+;1169;Danny Green;20;San Antonio Spurs;6233;Gary Harris;3222;Denver Nuggets;;;1;84.717;;;;;;;;;;;;;;;;2017-12-07 11:26:00.855726
77045485;800101;1+;1169;Danny Green;20;San Antonio Spurs;6233;Gary Harris;3222;Denver Nuggets;;;1;95.358;;;;;;;;;;;;;;;;2017-12-07 11:26:00.855726
77045489;300100;Foul;1168;LaMarcus Aldridge;20;San Antonio Spurs;6233;Gary Harris;3222;Denver Nuggets;;;1;112.189;;;;;;;;;;;;;;;;2017-12-07 11:26:00.855726
77045492;100100;Ball in play;;;20;San Antonio Spurs;;;;;;;1;157.209;;;;;;;;;;;;;;;;2019-10-24 13:29:02.254799
77045493;400101;Accurate pass;1167;Tony Parker;20;San Antonio Spurs;;;;;7462;David West;1;172.209;;;;;;;;;;;;;;;;2017-12-07 11:26:00.855726
77045494;800201;2+;7462;David West;20;San Antonio Spurs;;;;;1167;Tony Parker;1;172.209;27.05;7.62;;;;;;;;Cut;;Floater;;;;2017-12-07 11:26:00.855726
77045497;800202;2-;1167;Tony Parker;20;San Antonio Spurs;;;;;;;1;206.952;26.99;12.03;;;;;;;;Pick'n'Roll;;Jumper;;;;2017-12-07 11:26:00.855726
77045500;800201;2+;1165;Kawhi Leonard;20;San Antonio Spurs;;;;;;;1;228.755;27.05;3.72;;;;;;;;Isolation;;Jumper;Drives Right;;;2017-12-07 11:26:00.855726
77045502;100300;Rebound;1168;LaMarcus Aldridge;20;San Antonio Spurs;;;;;;;1;265.038;;;;;;;;;;;;;;;;2017-12-07 11:26:00.855726
77045503;400101;Accurate pass;1167;Tony Parker;20;San Antonio Spurs;;;;;7462;David West;1;274.447;;;;;;;;;;;;;;;;2017-12-07 11:26:00.855726
77045504;200300;Pick'n'Roll;7462;David West;20;San Antonio Spurs;;;;;1167;Tony Parker;1;274.447;;;;;;;;;;Pick'n'pop;;;;;;2017-12-07 11:26:00.855726
77045505;800201;2+;7462;David West;20;San Antonio Spurs;;;;;1167;Tony Parker;1;274.447;22.58;11.88;;;;;;;;Pick'n'pop;;Jumper;;;;2017-12-07 11:26:00.855726
77045507;100300;Rebound;1169;Danny Green;20;San Antonio Spurs;;;;;;;1;298.939;;;;;;;;;;;;;;;;2017-12-07 11:26:00.855726
77045508;800202;2-;1168;LaMarcus Aldridge;20;San Antonio Spurs;;;;;1167;Tony Parker;1;325.145;27.23;3.18;;;;;;;;Catch and shoot;;Hook;;;;2017-12-07 11:26:00.855726
77045510;100300;Rebound;;;20;San Antonio Spurs;;;;;;;1;325.145;;;;;;;;;;;;;;;;2017-12-07 11:26:00.855726
77045511;100500;Turnover;1168;LaMarcus Aldridge;20;San Antonio Spurs;;;;;;;1;325.145;;;;;;;;;;;;;;;;2017-12-07 11:26:00.855726
77045514;100300;Rebound;1165;Kawhi Leonard;20;San Antonio Spurs;;;;;;;1;354.203;;;;;;;;;;;;;;;;2017-12-07 11:26:00.855726
77045515;800202;2-;1165;Kawhi Leonard;20;San Antonio Spurs;;;;;;;1;362.848;26.72;6.96;;;;;;;;Transition;;Lay up;;;;2017-12-07 11:26:00.855726
77045518;100300;Rebound;1168;LaMarcus Aldridge;20;San Antonio Spurs;;;;;;;1;376.327;;;;;;;;;;;;;;;;2017-12-07 11:26:00.855726
77045519;800202;2-;1165;Kawhi Leonard;20;San Antonio Spurs;104434;Kostas Papanikolaou;3222;Denver Nuggets;;;1;394.319;26.57;7.59;;;;;;;;Hand offs;;Lay up;;;;2017-12-07 11:26:00.855726
77045520;100300;Rebound;1165;Kawhi Leonard;20;San Antonio Spurs;;;;;;;1;394.319;;;;;;;;;;;;;;;;2017-12-07 11:26:00.855726
77045521;800202;2-;1165;Kawhi Leonard;20;San Antonio Spurs;;;;;;;1;394.319;27.05;7.83;;;;;;;;Putbacks;;Dunk;;;;2017-12-07 11:26:00.855726
77045522;100300;Rebound;1165;Kawhi Leonard;20;San Antonio Spurs;;;;;;;1;394.319;;;;;;;;;;;;;;;;2017-12-07 11:26:00.855726
77045523;800201;2+;1165;Kawhi Leonard;20;San Antonio Spurs;;;;;;;1;394.319;26.99;7.32;;;;;;;;Putbacks;;Dunk;;;;2017-12-07 11:26:00.855726
77045524;100400;Steal;1169;Danny Green;20;San Antonio Spurs;7662;Jameer Nelson;3222;Denver Nuggets;;;1;405.051;;;;;;;;;;;;;;;;2017-12-07 11:26:00.855726
77045527;100100;Ball in play;;;20;San Antonio Spurs;;;;;;;1;430.568;;;;;;;;;;;;;;;;2019-10-24 13:29:02.254799
77045528;800202;2-;1167;Tony Parker;20;San Antonio Spurs;;;;;;;1;454.568;22.67;3.93;;;;;;;;Isolation;;Jumper;Drives Left;;;2017-12-07 11:26:00.855726
77045531;400101;Accurate pass;7462;David West;20;San Antonio Spurs;;;;;1165;Kawhi Leonard;1;483.010;;;;;;;;;;;;;;;;2017-12-07 11:26:00.855726
77045532;800201;2+;1165;Kawhi Leonard;20;San Antonio Spurs;;;;;7462;David West;1;483.010;23.03;3.42;;;;;;;;Isolation;;Jumper;;Quick first step;;2017-12-07 11:26:00.855726
77045538;800202;2-;1167;Tony Parker;20;San Antonio Spurs;;;;;;;1;545.240;26.99;8.28;;;;;;;;Hand offs;;Lay up;;;;2017-12-07 11:26:00.855726
77045543;300100;Foul;7462;David West;20;San Antonio Spurs;6237;Kenneth Faried;3222;Denver Nuggets;;;1;555.239;;;;;;;;;;;;;;;;2017-12-07 11:26:00.855726
77045544;1800600;Timeout;;;20;San Antonio Spurs;;;;;;;1;555.239;;;;;;;;;;;;;;;;2017-12-07 11:26:00.855726
77045545;1600500;Guard;1166;Patty Mills;20;San Antonio Spurs;1167;Tony Parker;20;San Antonio Spurs;;;1;579.496;;;;;;;;;;;;;;;;2017-12-07 11:26:00.855726
77045546;1600500;Guard;7864;Boris Diaw;20;San Antonio Spurs;7462;David West;20;San Antonio Spurs;;;1;579.496;;;;;;;;;;;;;;;;2017-12-07 11:26:00.855726
77045547;1600500;Guard;2422;Jonathon Simmons;20;San Antonio Spurs;1169;Danny Green;20;San Antonio Spurs;;;1;579.496;;;;;;;;;;;;;;;;2017-12-07 11:26:00.855726
77045551;200600;Post;1168;LaMarcus Aldridge;20;San Antonio Spurs;;;;;;;1;601.515;;;;;;;;;;;;;;;;2017-12-07 11:26:00.855726
77045552;800201;2+;1168;LaMarcus Aldridge;20;San Antonio Spurs;;;;;;;1;601.515;25.52;7.17;;;;;;;;Post;;Jumper;;;;2017-12-07 11:26:00.855726
77045553;100400;Steal;2422;Jonathon Simmons;20;San Antonio Spurs;6233;Gary Harris;3222;Denver Nuggets;;;1;614.437;;;;;;;;;;;;;;;;2017-12-07 11:26:00.855726
77045554;400101;Accurate pass;2422;Jonathon Simmons;20;San Antonio Spurs;;;;;1166;Patty Mills;1;621.377;;;;;;;;;;;;;;;;2017-12-07 11:26:00.855726
77045555;800301;3+;1166;Patty Mills;20;San Antonio Spurs;;;;;2422;Jonathon Simmons;1;621.377;26.99;0.78;;;;;;;;Transition;;Jumper;;;;2017-12-07 11:26:00.855726
77045557;100300;Rebound;1168;LaMarcus Aldridge;20;San Antonio Spurs;;;;;;;1;637.539;;;;;;;;;;;;;;;;2017-12-07 11:26:00.855726
77045559;100500;Turnover;1165;Kawhi Leonard;20;San Antonio Spurs;;;;;;;1;656.796;;;;;;;;;;;;;;;;2017-12-07 11:26:00.855726
77045562;100300;Rebound;1168;LaMarcus Aldridge;20;San Antonio Spurs;;;;;;;1;684.937;;;;;;;;;;;;;;;;2017-12-07 11:26:00.855726
77045563;200600;Post;1168;LaMarcus Aldridge;20;San Antonio Spurs;;;;;;;1;695.012;;;;;;;;;;;;;;;;2017-12-07 11:26:00.855726
77045564;800202;2-;1168;LaMarcus Aldridge;20;San Antonio Spurs;;;;;;;1;695.012;26.72;11.73;;;;;;;;Post;;Jumper;;;;2017-12-07 11:26:00.855726
77045567;100300;Rebound;1168;LaMarcus Aldridge;20;San Antonio Spurs;;;;;;;1;706.094;;;;;;;;;;;;;;;;2017-12-07 11:26:00.855726
77045569;100400;Steal;1165;Kawhi Leonard;20;San Antonio Spurs;104434;Kostas Papanikolaou;3222;Denver Nuggets;;;1;731.761;;;;;;;;;;;;;;;;2017-12-07 11:26:00.855726
77045570;400101;Accurate pass;2422;Jonathon Simmons;20;San Antonio Spurs;;;;;1166;Patty Mills;1;739.867;;;;;;;;;;;;;;;;2017-12-07 11:26:00.855726
77045571;800301;3+;1166;Patty Mills;20;San Antonio Spurs;;;;;2422;Jonathon Simmons;1;739.867;19.94;5.01;;;;;;;;Transition;;Jumper;;;;2017-12-07 11:26:00.855726
77045580;800202;2-;1165;Kawhi Leonard;20;San Antonio Spurs;;;;;;;1;782.839;24.05;3.12;;;;;;;;Pick'n'Roll;;Jumper;;;;2017-12-07 11:26:00.855726
77045585;100300;Rebound;1165;Kawhi Leonard;20;San Antonio Spurs;;;;;;;1;809.450;;;;;;;;;;;;;;;;2017-12-07 11:26:00.855726
77045586;800202;2-;2422;Jonathon Simmons;20;San Antonio Spurs;;;;;;;1;817.649;26.81;10.50;;;;;;;;Transition;;Jumper;;;;2017-12-07 11:26:00.855726
77045591;100400;Steal;1166;Patty Mills;20;San Antonio Spurs;104434;Kostas Papanikolaou;3222;Denver Nuggets;;;1;849.406;;;;;;;;;;;;;;;;2017-12-07 11:26:00.855726
77045592;400101;Accurate pass;1165;Kawhi Leonard;20;San Antonio Spurs;;;;;1168;LaMarcus Aldridge;1;856.191;;;;;;;;;;;;;;;;2017-12-07 11:26:00.855726
77045593;800201;2+;1168;LaMarcus Aldridge;20;San Antonio Spurs;;;;;1165;Kawhi Leonard;1;856.191;27.02;7.62;;;;;;;;Cut;;;;;;2017-12-07 11:26:00.855726
77045595;200600;Post;7864;Boris Diaw;20;San Antonio Spurs;;;;;;;1;898.878;;;;;;;;;;;;;;;;2017-12-07 11:26:00.855726
77045596;800202;2-;7864;Boris Diaw;20;San Antonio Spurs;;;;;;;1;898.878;26.84;7.05;;;;;;;;Post;;Lay up;;;;2017-12-07 11:26:00.855726
77045597;100300;Rebound;7864;Boris Diaw;20;San Antonio Spurs;;;;;;;1;898.878;;;;;;;;;;;;;;;;2017-12-07 11:26:00.855726
77045598;800202;2-;7864;Boris Diaw;20;San Antonio Spurs;;;;;;;1;898.878;27.20;7.50;;;;;;;;Putbacks;;;;;;2017-12-07 11:26:00.855726
77045599;100300;Rebound;7864;Boris Diaw;20;San Antonio Spurs;;;;;;;1;898.878;;;;;;;;;;;;;;;;2017-12-07 11:26:00.855726
77045600;800202;2-;7864;Boris Diaw;20;San Antonio Spurs;;;;;;;1;898.878;27.08;7.44;;;;;;;;Putbacks;;;;;;2017-12-07 11:26:00.855726
77045603;100300;Rebound;;;20;San Antonio Spurs;;;;;;;1;908.535;;;;;;;;;;;;;;;;2017-12-07 11:26:00.855726
77045606;1600500;Guard;1164;Kyle Anderson;20;San Antonio Spurs;1165;Kawhi Leonard;20;San Antonio Spurs;;;1;944.577;;;;;;;;;;;;;;;;2017-12-07 11:26:00.855726
77045607;1600500;Guard;8593;Boban Marjanovic;20;San Antonio Spurs;1168;LaMarcus Aldridge;20;San Antonio Spurs;;;1;944.577;;;;;;;;;;;;;;;;2017-12-07 11:26:00.855726
77045609;100100;Ball in play;;;20;San Antonio Spurs;;;;;;;1;949.560;;;;;;;;;;;;;;;;2019-10-24 13:29:02.254799
77045610;800202;2-;1166;Patty Mills;20;San Antonio Spurs;;;;;;;1;966.960;26.99;7.98;;;;;;;;Pick'n'Roll;;Lay up;;;;2017-12-07 11:26:00.855726
77045611;100300;Rebound;8593;Boban Marjanovic;20;San Antonio Spurs;;;;;;;1;966.960;;;;;;;;;;;;;;;;2017-12-07 11:26:00.855726
77045612;800202;2-;8593;Boban Marjanovic;20;San Antonio Spurs;;;;;;;1;966.960;27.08;7.68;;;;;;;;Putbacks;;;;;;2017-12-07 11:26:00.855726
77045616;100100;Ball in play;;;20;San Antonio Spurs;;;;;;;1;990.757;;;;;;;;;;;;;;;;2019-10-24 13:29:02.254799
77045619;1600500;Guard;1164;Kyle Anderson;20;San Antonio Spurs;;;;;;;2;0.000;;;;;;;;;;;;;;;;2017-12-07 11:26:00.855726
77045620;1600500;Guard;1166;Patty Mills;20;San Antonio Spurs;;;;;;;2;0.000;;;;;;;;;;;;;;;;2017-12-07 11:26:00.855726
77045621;1600500;Guard;2422;Jonathon Simmons;20;San Antonio Spurs;;;;;;;2;0.000;;;;;;;;;;;;;;;;2017-12-07 11:26:00.855726
77045622;1600500;Guard;7864;Boris Diaw;20;San Antonio Spurs;;;;;;;2;0.000;;;;;;;;;;;;;;;;2017-12-07 11:26:00.855726
77045623;1600500;Guard;8593;Boban Marjanovic;20;San Antonio Spurs;;;;;;;2;0.000;;;;;;;;;;;;;;;;2017-12-07 11:26:00.855726
77045631;300100;Foul;2422;Jonathon Simmons;20;San Antonio Spurs;6231;Will Barton;3222;Denver Nuggets;;;2;17.957;;;;;;;;;;;;;;;;2017-12-07 11:26:00.855726
77045634;300100;Foul;8593;Boban Marjanovic;20;San Antonio Spurs;6234;Nikola Jokic;3222;Denver Nuggets;;;2;42.347;;;;;;;;;;;;;;;;2017-12-07 11:26:00.855726
77045637;100100;Ball in play;;;20;San Antonio Spurs;;;;;;;2;66.848;;;;;;;;;;;;;;;;2019-10-24 13:29:02.254799
77045638;800201;2+;7864;Boris Diaw;20;San Antonio Spurs;;;;;;;2;90.848;25.22;5.25;;;;;;;;Catch and Drive;;Jumper;Drives Right;;;2017-12-07 11:26:00.855726
77045641;100300;Rebound;8593;Boban Marjanovic;20;San Antonio Spurs;;;;;;;2;110.151;;;;;;;;;;;;;;;;2017-12-07 11:26:00.855726
77045644;300100;Foul;2422;Jonathon Simmons;20;San Antonio Spurs;7534;Randy Foye;3222;Denver Nuggets;;;2;122.474;;;;;;;;;;;;;;;;2017-12-07 11:26:00.855726
77045646;100100;Ball in play;;;20;San Antonio Spurs;;;;;;;2;166.031;;;;;;;;;;;;;;;;2019-10-24 13:29:02.254799
77045647;800302;3-;1166;Patty Mills;20;San Antonio Spurs;;;;;7864;Boris Diaw;2;190.031;22.97;1.62;;;;;;;;Catch and Drive;;Jumper;Drives Right;;;2017-12-07 11:26:00.855726
77045648;100300;Rebound;8593;Boban Marjanovic;20;San Antonio Spurs;;;;;;;2;190.031;;;;;;;;;;;;;;;;2017-12-07 11:26:00.855726
77045649;200600;Post;8593;Boban Marjanovic;20;San Antonio Spurs;;;;;;;2;204.110;;;;;;;;;;;;;;;;2017-12-07 11:26:00.855726
77045650;800600;2F;8593;Boban Marjanovic;20;San Antonio Spurs;6245;Darrell Arthur;3222;Denver Nuggets;;;2;204.110;27.05;7.62;;;;;;;;Post;;;;;;2017-12-07 11:26:00.855726
77045653;800101;1+;8593;Boban Marjanovic;20;San Antonio Spurs;6245;Darrell Arthur;3222;Denver Nuggets;;;2;229.786;;;;;;;;;;;;;;;;2017-12-07 11:26:00.855726
77045654;800101;1+;8593;Boban Marjanovic;20;San Antonio Spurs;6245;Darrell Arthur;3222;Denver Nuggets;;;2;245.705;;;;;;;;;;;;;;;;2017-12-07 11:26:00.855726
77045660;800102;1-;7864;Boris Diaw;20;San Antonio Spurs;6245;Darrell Arthur;3222;Denver Nuggets;;;2;307.913;;;;;;;;;;;;;;;;2017-12-07 11:26:00.855726
77045663;100400;Steal;8593;Boban Marjanovic;20;San Antonio Spurs;6245;Darrell Arthur;3222;Denver Nuggets;;;2;318.407;;;;;;;;;;;;;;;;2017-12-07 11:26:00.855726
77045664;200600;Post;8593;Boban Marjanovic;20;San Antonio Spurs;;;;;;;2;327.322;;;;;;;;;;;;;;;;2017-12-07 11:26:00.855726
77045665;800600;2F;8593;Boban Marjanovic;20;San Antonio Spurs;6245;Darrell Arthur;3222;Denver Nuggets;;;2;327.322;27.05;7.62;;;;;;;;Post;;;;;;2017-12-07 11:26:00.855726
77045668;800101;1+;8593;Boban Marjanovic;20;San Antonio Spurs;6245;Darrell Arthur;3222;Denver Nuggets;;;2;354.275;;;;;;;;;;;;;;;;2017-12-07 11:26:00.855726
77045670;800101;1+;8593;Boban Marjanovic;20;San Antonio Spurs;6245;Darrell Arthur;3222;Denver Nuggets;;;2;376.529;;;;;;;;;;;;;;;;2017-12-07 11:26:00.855726
77045675;1600500;Guard;1167;Tony Parker;20;San Antonio Spurs;1166;Patty Mills;20;San Antonio Spurs;;;2;434.727;;;;;;;;;;;;;;;;2017-12-07 11:26:00.855726
77045676;1600500;Guard;7462;David West;20;San Antonio Spurs;7864;Boris Diaw;20;San Antonio Spurs;;;2;434.727;;;;;;;;;;;;;;;;2017-12-07 11:26:00.855726
77045677;1600500;Guard;1169;Danny Green;20;San Antonio Spurs;2422;Jonathon Simmons;20;San Antonio Spurs;;;2;434.727;;;;;;;;;;;;;;;;2017-12-07 11:26:00.855726
77045678;100100;Ball in play;;;20;San Antonio Spurs;;;;;;;2;434.727;;;;;;;;;;;;;;;;2019-10-24 13:29:02.254799
77045679;200600;Post;1164;Kyle Anderson;20;San Antonio Spurs;;;;;;;2;434.727;;;;;;;;;;;;;;;;2017-12-07 11:26:00.855726
77045680;800202;2-;1164;Kyle Anderson;20;San Antonio Spurs;;;;;;;2;434.727;25.22;7.65;;;;;;;;Post;;Hook;;;;2017-12-07 11:26:00.855726
77045682;100300;Rebound;;;20;San Antonio Spurs;;;;;;;2;434.727;;;;;;;;;;;;;;;;2017-12-07 11:26:00.855726
77045683;100100;Ball in play;;;20;San Antonio Spurs;;;;;;;2;450.613;;;;;;;;;;;;;;;;2019-10-24 13:29:02.254799
77045684;200600;Post;8593;Boban Marjanovic;20;San Antonio Spurs;;;;;;;2;459.613;;;;;;;;;;;;;;;;2017-12-07 11:26:00.855726
77045685;800600;2F;8593;Boban Marjanovic;20;San Antonio Spurs;6234;Nikola Jokic;3222;Denver Nuggets;;;2;459.613;27.05;7.62;;;;;;;;Post;;;;;;2017-12-07 11:26:00.855726
77045688;800101;1+;8593;Boban Marjanovic;20;San Antonio Spurs;6234;Nikola Jokic;3222;Denver Nuggets;;;2;484.437;;;;;;;;;;;;;;;;2017-12-07 11:26:00.855726
77045689;800101;1+;8593;Boban Marjanovic;20;San Antonio Spurs;6234;Nikola Jokic;3222;Denver Nuggets;;;2;496.810;;;;;;;;;;;;;;;;2017-12-07 11:26:00.855726
77045693;800202;2-;7462;David West;20;San Antonio Spurs;;;;;1169;Danny Green;2;533.627;22.88;4.65;;;;;;;;Catch and Drive;;Jumper;Drives Right;;;2017-12-07 11:26:00.855726
77045694;100300;Rebound;1164;Kyle Anderson;20;San Antonio Spurs;;;;;;;2;533.627;;;;;;;;;;;;;;;;2017-12-07 11:26:00.855726
77045695;800201;2+;1164;Kyle Anderson;20;San Antonio Spurs;;;;;;;2;533.627;25.97;7.35;;;;;;;;Putbacks;;Floater;;;;2017-12-07 11:26:00.855726
77045700;100300;Rebound;1164;Kyle Anderson;20;San Antonio Spurs;;;;;;;2;547.743;;;;;;;;;;;;;;;;2017-12-07 11:26:00.855726
77045701;800202;2-;1164;Kyle Anderson;20;San Antonio Spurs;6237;Kenneth Faried;3222;Denver Nuggets;;;2;554.131;26.84;8.28;;;;;;;;Transition;;Lay up;;;;2017-12-07 11:26:00.855726
77045703;100300;Rebound;;;20;San Antonio Spurs;;;;;;;2;554.131;;;;;;;;;;;;;;;;2017-12-07 11:26:00.855726
77045705;100100;Ball in play;;;20;San Antonio Spurs;;;;;;;2;589.040;;;;;;;;;;;;;;;;2019-10-24 13:29:02.254799
77045706;200600;Post;8593;Boban Marjanovic;20;San Antonio Spurs;;;;;;;2;589.040;;;;;;;;;;;;;;;;2017-12-07 11:26:00.855726
77045707;800202;2-;8593;Boban Marjanovic;20;San Antonio Spurs;;;;;;;2;589.040;25.49;7.59;;;;;;;;Post;;Jumper;;;;2017-12-07 11:26:00.855726
77045710;100300;Rebound;8593;Boban Marjanovic;20;San Antonio Spurs;;;;;;;2;598.628;;;;;;;;;;;;;;;;2017-12-07 11:26:00.855726
77045711;400101;Accurate pass;7462;David West;20;San Antonio Spurs;;;;;1169;Danny Green;2;610.988;;;;;;;;;;;;;;;;2017-12-07 11:26:00.855726
77045712;800201;2+;1169;Danny Green;20;San Antonio Spurs;;;;;1167;Tony Parker;2;610.988;27.23;7.95;;;;;;;;Cut;;;;;;2017-12-07 11:26:00.855726
77045715;1600500;Guard;1168;LaMarcus Aldridge;20;San Antonio Spurs;8593;Boban Marjanovic;20;San Antonio Spurs;;;2;643.101;;;;;;;;;;;;;;;;2017-12-07 11:26:00.855726
77045718;100300;Rebound;1164;Kyle Anderson;20;San Antonio Spurs;;;;;;;2;643.101;;;;;;;;;;;;;;;;2017-12-07 11:26:00.855726
77045719;400101;Accurate pass;7462;David West;20;San Antonio Spurs;;;;;1168;LaMarcus Aldridge;2;654.797;;;;;;;;;;;;;;;;2017-12-07 11:26:00.855726
77045720;200600;Post;1168;LaMarcus Aldridge;20;San Antonio Spurs;;;;;;;2;654.797;;;;;;;;;;;;;;;;2017-12-07 11:26:00.855726
77045721;800201;2+;1168;LaMarcus Aldridge;20;San Antonio Spurs;;;;;7462;David West;2;654.797;25.22;7.35;;;;;;;;Post;;Jumper;;;;2017-12-07 11:26:00.855726
77045726;100300;Rebound;;;20;San Antonio Spurs;;;;;;;2;696.753;;;;;;;;;;;;;;;;2017-12-07 11:26:00.855726
77045727;1800600;Timeout;;;20;San Antonio Spurs;;;;;;;2;696.753;;;;;;;;;;;;;;;;2017-12-07 11:26:00.855726
77045730;100100;Ball in play;;;20;San Antonio Spurs;;;;;;;2;719.512;;;;;;;;;;;;;;;;2019-10-24 13:29:02.254799
77045731;800202;2-;1168;LaMarcus Aldridge;20;San Antonio Spurs;;;;;;;2;719.512;23.60;2.97;;;;;;;;Screen off;;Jumper;;;;2017-12-07 11:26:00.855726
77045735;100100;Ball in play;;;20;San Antonio Spurs;;;;;;;2;733.903;;;;;;;;;;;;;;;;2019-10-24 13:29:02.254799
77045736;400101;Accurate pass;7462;David West;20;San Antonio Spurs;;;;;1167;Tony Parker;2;755.903;;;;;;;;;;;;;;;;2017-12-07 11:26:00.855726
77045737;200300;Pick'n'Roll;7462;David West;20;San Antonio Spurs;;;;;1167;Tony Parker;2;755.903;;;;;;;;;;;;;;;;2017-12-07 11:26:00.855726
77045738;800201;2+;1167;Tony Parker;20;San Antonio Spurs;;;;;7462;David West;2;755.903;22.28;4.74;;;;;;;;Pick'n'Roll;;Jumper;;;;2017-12-07 11:26:00.855726
77045739;100400;Steal;1167;Tony Parker;20;San Antonio Spurs;6233;Gary Harris;3222;Denver Nuggets;;;2;769.457;;;;;;;;;;;;;;;;2017-12-07 11:26:00.855726
77045740;800201;2+;1167;Tony Parker;20;San Antonio Spurs;;;;;;;2;772.368;26.81;7.62;;;;;;;;Transition;;Lay up;;;;2017-12-07 11:26:00.855726
77045743;1600500;Guard;1165;Kawhi Leonard;20;San Antonio Spurs;1164;Kyle Anderson;20;San Antonio Spurs;;;2;800.499;;;;;;;;;;;;;;;;2017-12-07 11:26:00.855726
77045748;400101;Accurate pass;1165;Kawhi Leonard;20;San Antonio Spurs;;;;;7462;David West;2;820.421;;;;;;;;;;;;;;;;2017-12-07 11:26:00.855726
77045749;800201;2+;7462;David West;20;San Antonio Spurs;;;;;1165;Kawhi Leonard;2;820.421;22.67;7.98;;;;;;;;Cut;;Jumper;;;;2017-12-07 11:26:00.855726
77045753;800201;2+;1167;Tony Parker;20;San Antonio Spurs;;;;;;;2;859.457;23.60;11.76;;;;;;;;Pick'n'Roll;;Jumper;;;;2017-12-07 11:26:00.855726
77045760;100300;Rebound;1167;Tony Parker;20;San Antonio Spurs;;;;;;;2;908.989;;;;;;;;;;;;;;;;2017-12-07 11:26:00.855726
77045761;800201;2+;1167;Tony Parker;20;San Antonio Spurs;;;;;;;2;920.307;26.72;6.96;;;;;;;;Pick'n'Roll;;Lay up;;;;2017-12-07 11:26:00.855726
77045765;800201;2+;1167;Tony Parker;20;San Antonio Spurs;;;;;;;2;957.135;26.84;7.35;;;;;;;;Pick'n'Roll;;Lay up;;;;2017-12-07 11:26:00.855726
77045767;100300;Rebound;1168;LaMarcus Aldridge;20;San Antonio Spurs;;;;;;;2;982.276;;;;;;;;;;;;;;;;2017-12-07 11:26:00.855726
77045768;800202;2-;1167;Tony Parker;20;San Antonio Spurs;;;;;;;2;990.878;25.37;5.34;;;;;;;;Transition;;Jumper;;;;2017-12-07 11:26:00.855726
77045770;100400;Steal;1167;Tony Parker;20;San Antonio Spurs;104434;Kostas Papanikolaou;3222;Denver Nuggets;;;2;1001.326;;;;;;;;;;;;;;;;2017-12-07 11:26:00.855726
77045771;400101;Accurate pass;1167;Tony Parker;20;San Antonio Spurs;;;;;1169;Danny Green;2;1006.014;;;;;;;;;;;;;;;;2017-12-07 11:26:00.855726
77045772;800201;2+;1169;Danny Green;20;San Antonio Spurs;;;;;1167;Tony Parker;2;1006.014;27.05;7.98;;;;;;;;Transition;;;;;;2017-12-07 11:26:00.855726
77045776;800202;2-;1167;Tony Parker;20;San Antonio Spurs;;;;;;;2;1041.328;25.34;7.59;;;;;;;;Pick'n'Roll;;Floater;;;;2017-12-07 11:26:00.855726
77045779;400101;Accurate pass;7462;David West;20;San Antonio Spurs;;;;;1167;Tony Parker;2;1073.108;;;;;;;;;;;;;;;;2017-12-07 11:26:00.855726
77045780;800301;3+;1167;Tony Parker;20;San Antonio Spurs;;;;;7462;David West;2;1073.108;26.72;0.72;;;;;;;;Catch and shoot;;Jumper;;;;2017-12-07 11:26:00.855726
77045783;1600500;Guard;1165;Kawhi Leonard;20;San Antonio Spurs;;;;;;;3;0.000;;;;;;;;;;;;;;;;2017-12-07 11:26:00.855726
77045784;1600500;Guard;1167;Tony Parker;20;San Antonio Spurs;;;;;;;3;0.000;;;;;;;;;;;;;;;;2017-12-07 11:26:00.855726
77045785;1600500;Guard;1168;LaMarcus Aldridge;20;San Antonio Spurs;;;;;;;3;0.000;;;;;;;;;;;;;;;;2017-12-07 11:26:00.855726
77045786;1600500;Guard;1169;Danny Green;20;San Antonio Spurs;;;;;;;3;0.000;;;;;;;;;;;;;;;;2017-12-07 11:26:00.855726
77045787;1600500;Guard;7462;David West;20;San Antonio Spurs;;;;;;;3;0.000;;;;;;;;;;;;;;;;2017-12-07 11:26:00.855726
77045795;100300;Rebound;1168;LaMarcus Aldridge;20;San Antonio Spurs;;;;;;;3;21.346;;;;;;;;;;;;;;;;2017-12-07 11:26:00.855726
77045798;100100;Ball in play;;;20;San Antonio Spurs;;;;;;;3;51.052;;;;;;;;;;;;;;;;2019-10-24 13:29:02.254799
77045799;800202;2-;7462;David West;20;San Antonio Spurs;;;;;1167;Tony Parker;3;61.052;26.72;7.35;;;;;;;;Cut;;Lay up;;;;2017-12-07 11:26:00.855726
77045802;100300;Rebound;1169;Danny Green;20;San Antonio Spurs;;;;;;;3;78.016;;;;;;;;;;;;;;;;2017-12-07 11:26:00.855726
77045803;400101;Accurate pass;7462;David West;20;San Antonio Spurs;;;;;1165;Kawhi Leonard;3;106.792;;;;;;;;;;;;;;;;2017-12-07 11:26:00.855726
77045804;800301;3+;1165;Kawhi Leonard;20;San Antonio Spurs;;;;;7462;David West;3;106.792;25.82;14.91;;;;;;;;Catch and shoot;;Jumper;;;;2017-12-07 11:26:00.855726
77045808;300100;Foul;1169;Danny Green;20;San Antonio Spurs;7469;Joffrey Lauvergne;3222;Denver Nuggets;;;3;124.863;;;;;;;;;;;;;;;;2017-12-07 11:26:00.855726
77045812;100300;Rebound;1168;LaMarcus Aldridge;20;San Antonio Spurs;;;;;;;3;153.383;;;;;;;;;;;;;;;;2017-12-07 11:26:00.855726
77045815;100100;Ball in play;;;20;San Antonio Spurs;;;;;;;3;169.549;;;;;;;;;;;;;;;;2019-10-24 13:29:02.254799
77045816;200300;Pick'n'Roll;1168;LaMarcus Aldridge;20;San Antonio Spurs;;;;;1167;Tony Parker;3;183.549;;;;;;;;;;Pick'n'pop;;;;;;2017-12-07 11:26:00.855726
77045817;800202;2-;1168;LaMarcus Aldridge;20;San Antonio Spurs;;;;;1167;Tony Parker;3;183.549;24.05;10.65;;;;;;;;Pick'n'pop;;Jumper;;;;2017-12-07 11:26:00.855726
77045822;800202;2-;1167;Tony Parker;20;San Antonio Spurs;;;;;;;3;208.347;27.68;13.56;;;;;;;;Pick'n'Roll;;Jumper;;;;2017-12-07 11:26:00.855726
77045827;800201;2+;1165;Kawhi Leonard;20;San Antonio Spurs;;;;;;;3;241.692;27.23;3.12;;;;;;;;Pick'n'Roll;;Jumper;;;;2017-12-07 11:26:00.855726
77045840;100300;Rebound;1167;Tony Parker;20;San Antonio Spurs;;;;;;;3;321.305;;;;;;;;;;;;;;;;2017-12-07 11:26:00.855726
77045841;400101;Accurate pass;1169;Danny Green;20;San Antonio Spurs;;;;;1165;Kawhi Leonard;3;339.273;;;;;;;;;;;;;;;;2017-12-07 11:26:00.855726
77045842;800301;3+;1165;Kawhi Leonard;20;San Antonio Spurs;;;;;1169;Danny Green;3;339.273;22.13;1.71;;;;;;;;Catch and shoot;;Jumper;;;;2017-12-07 11:26:00.855726
77045848;200600;Post;1168;LaMarcus Aldridge;20;San Antonio Spurs;;;;;;;3;378.443;;;;;;;;;;;;;;;;2017-12-07 11:26:00.855726
77045849;800202;2-;1168;LaMarcus Aldridge;20;San Antonio Spurs;;;;;;;3;378.443;26.21;7.35;;;;;;;;Post;;Lay up;;;;2017-12-07 11:26:00.855726
77045850;100300;Rebound;1168;LaMarcus Aldridge;20;San Antonio Spurs;;;;;;;3;378.443;;;;;;;;;;;;;;;;2017-12-07 11:26:00.855726
77045851;800201;2+;1168;LaMarcus Aldridge;20;San Antonio Spurs;;;;;;;3;378.443;26.57;7.20;;;;;;;;Putbacks;;Dunk;;;;2017-12-07 11:26:00.855726
77045854;100100;Ball in play;;;20;San Antonio Spurs;;;;;;;3;402.143;;;;;;;;;;;;;;;;2019-10-24 13:29:02.254799
77045855;200600;Post;1168;LaMarcus Aldridge;20;San Antonio Spurs;;;;;;;3;418.143;;;;;;;;;;;;;;;;2017-12-07 11:26:00.855726
77045856;800202;2-;1168;LaMarcus Aldridge;20;San Antonio Spurs;;;;;;;3;418.143;26.27;7.89;;;;;;;;Post;;Lay up;;;;2017-12-07 11:26:00.855726
77045860;100300;Rebound;7462;David West;20;San Antonio Spurs;;;;;;;3;428.234;;;;;;;;;;;;;;;;2017-12-07 11:26:00.855726
77045861;400101;Accurate pass;1167;Tony Parker;20;San Antonio Spurs;;;;;1168;LaMarcus Aldridge;3;441.651;;;;;;;;;;;;;;;;2017-12-07 11:26:00.855726
77045862;800201;2+;1168;LaMarcus Aldridge;20;San Antonio Spurs;;;;;1167;Tony Parker;3;441.651;22.58;6.72;;;;;;;;Catch and shoot;;Jumper;;;;2017-12-07 11:26:00.855726
77045863;100400;Steal;1165;Kawhi Leonard;20;San Antonio Spurs;7662;Jameer Nelson;3222;Denver Nuggets;;;3;463.434;;;;;;;;;;;;;;;;2017-12-07 11:26:00.855726
77045866;1600500;Guard;1166;Patty Mills;20;San Antonio Spurs;1167;Tony Parker;20;San Antonio Spurs;;;3;504.144;;;;;;;;;;;;;;;;2017-12-07 11:26:00.855726
77045868;100100;Ball in play;;;20;San Antonio Spurs;;;;;;;3;504.144;;;;;;;;;;;;;;;;2019-10-24 13:29:02.254799
77045871;100100;Ball in play;;;20;San Antonio Spurs;;;;;;;3;504.144;;;;;;;;;;;;;;;;2019-10-24 13:29:02.254799
77045873;300100;Foul;1168;LaMarcus Aldridge;20;San Antonio Spurs;6234;Nikola Jokic;3222;Denver Nuggets;;;3;504.144;;;;;;;;;;;;;;;;2017-12-07 11:26:00.855726
77045874;800202;2-;1165;Kawhi Leonard;20;San Antonio Spurs;;;;;;;3;504.144;26.42;6.78;;;;;;;;Pick'n'Roll;;Hook;;;;2017-12-07 11:26:00.855726
77045878;100400;Steal;7462;David West;20;San Antonio Spurs;6234;Nikola Jokic;3222;Denver Nuggets;;;3;544.912;;;;;;;;;;;;;;;;2017-12-07 11:26:00.855726
77045879;800202;2-;1166;Patty Mills;20;San Antonio Spurs;;;;;;;3;563.230;22.58;3.72;;;;;;;;Isolation;;Jumper;Drives Right;;;2017-12-07 11:26:00.855726
77045883;1800600;Timeout;;;20;San Antonio Spurs;;;;;;;3;571.908;;;;;;;;;;;;;;;;2017-12-07 11:26:00.855726
77045885;100100;Ball in play;;;20;San Antonio Spurs;;;;;;;3;610.248;;;;;;;;;;;;;;;;2019-10-24 13:29:02.254799
77045886;200600;Post;1168;LaMarcus Aldridge;20;San Antonio Spurs;;;;;;;3;610.248;;;;;;;;;;;;;;;;2017-12-07 11:26:00.855726
77045887;800202;2-;1168;LaMarcus Aldridge;20;San Antonio Spurs;;;;;;;3;610.248;25.52;7.44;;;;;;;;Post;;Jumper;;;;2017-12-07 11:26:00.855726
77045888;100300;Rebound;1166;Patty Mills;20;San Antonio Spurs;;;;;;;3;611.827;;;;;;;;;;;;;;;;2017-12-07 11:26:00.855726
77045889;800201;2+;1166;Patty Mills;20;San Antonio Spurs;;;;;;;3;611.827;27.05;7.62;;;;;;;;Putbacks;;Jumper;;;;2017-12-07 11:26:00.855726
77045892;400101;Accurate pass;1166;Patty Mills;20;San Antonio Spurs;;;;;1168;LaMarcus Aldridge;3;643.785;;;;;;;;;;;;;;;;2017-12-07 11:26:00.855726
77045893;800201;2+;1168;LaMarcus Aldridge;20;San Antonio Spurs;;;;;1166;Patty Mills;3;643.785;21.98;10.53;;;;;;;;Catch and shoot;;Jumper;;;;2017-12-07 11:26:00.855726
77045896;100300;Rebound;7462;David West;20;San Antonio Spurs;;;;;;;3;664.849;;;;;;;;;;;;;;;;2017-12-07 11:26:00.855726
77045897;200600;Post;1165;Kawhi Leonard;20;San Antonio Spurs;;;;;;;3;677.305;;;;;;;;;;;;;;;;2017-12-07 11:26:00.855726
77045898;800600;2F;1165;Kawhi Leonard;20;San Antonio Spurs;6234;Nikola Jokic;3222;Denver Nuggets;;;3;677.305;27.05;7.62;;;;;;;;Post;;;;;;2017-12-07 11:26:00.855726
77045901;800101;1+;1165;Kawhi Leonard;20;San Antonio Spurs;6234;Nikola Jokic;3222;Denver Nuggets;;;3;703.339;;;;;;;;;;;;;;;;2017-12-07 11:26:00.855726
77045902;1600500;Guard;7864;Boris Diaw;20;San Antonio Spurs;7462;David West;20;San Antonio Spurs;;;3;727.317;;;;;;;;;;;;;;;;2017-12-07 11:26:00.855726
77045903;1600500;Guard;2422;Jonathon Simmons;20;San Antonio Spurs;1169;Danny Green;20;San Antonio Spurs;;;3;727.317;;;;;;;;;;;;;;;;2017-12-07 11:26:00.855726
77045904;800101;1+;1165;Kawhi Leonard;20;San Antonio Spurs;6234;Nikola Jokic;3222;Denver Nuggets;;;3;727.317;;;;;;;;;;;;;;;;2017-12-07 11:26:00.855726
77045909;300100;Foul;1165;Kawhi Leonard;20;San Antonio Spurs;6231;Will Barton;3222;Denver Nuggets;;;3;762.079;;;;;;;;;;;;;;;;2017-12-07 11:26:00.855726
77045910;1600500;Guard;1164;Kyle Anderson;20;San Antonio Spurs;1165;Kawhi Leonard;20;San Antonio Spurs;;;3;795.360;;;;;;;;;;;;;;;;2017-12-07 11:26:00.855726
77045915;100400;Steal;2422;Jonathon Simmons;20;San Antonio Spurs;6234;Nikola Jokic;3222;Denver Nuggets;;;3;809.034;;;;;;;;;;;;;;;;2017-12-07 11:26:00.855726
77045916;800202;2-;1168;LaMarcus Aldridge;20;San Antonio Spurs;;;;;;;3;826.467;22.58;5.34;;;;;;;;Catch and Drive;;Jumper;Drives Left;;;2017-12-07 11:26:00.855726
77045921;800201;2+;1164;Kyle Anderson;20;San Antonio Spurs;;;;;;;3;882.615;26.66;8.67;;;;;;;;;;Hook;;;;2017-12-07 11:26:00.855726
77045925;800202;2-;1164;Kyle Anderson;20;San Antonio Spurs;6234;Nikola Jokic;3222;Denver Nuggets;;;3;929.382;25.97;12.27;;;;;;;;Pick'n'Roll;;Jumper;;;;2017-12-07 11:26:00.855726
77045927;100300;Rebound;;;20;San Antonio Spurs;;;;;;;3;929.382;;;;;;;;;;;;;;;;2017-12-07 11:26:00.855726
77045928;100500;Turnover;1164;Kyle Anderson;20;San Antonio Spurs;;;;;;;3;929.382;;;;;;;;;;;;;;;;2017-12-07 11:26:00.855726
77045929;1600500;Guard;13666;Ray McCallum;20;San Antonio Spurs;1164;Kyle Anderson;20;San Antonio Spurs;;;3;972.977;;;;;;;;;;;;;;;;2017-12-07 11:26:00.855726
77045934;800202;2-;2422;Jonathon Simmons;20;San Antonio Spurs;;;;;;;3;996.315;22.58;5.34;;;;;;;;Catch and Drive;;Jumper;Drives Right;;;2017-12-07 11:26:00.855726
77045945;1600500;Guard;1165;Kawhi Leonard;20;San Antonio Spurs;;;;;;;4;0.000;;;;;;;;;;;;;;;;2017-12-07 11:26:00.855726
77045946;1600500;Guard;1167;Tony Parker;20;San Antonio Spurs;;;;;;;4;0.000;;;;;;;;;;;;;;;;2017-12-07 11:26:00.855726
77045947;1600500;Guard;1169;Danny Green;20;San Antonio Spurs;;;;;;;4;0.000;;;;;;;;;;;;;;;;2017-12-07 11:26:00.855726
77045948;1600500;Guard;7864;Boris Diaw;20;San Antonio Spurs;;;;;;;4;0.000;;;;;;;;;;;;;;;;2017-12-07 11:26:00.855726
77045949;1600500;Guard;8593;Boban Marjanovic;20;San Antonio Spurs;;;;;;;4;0.000;;;;;;;;;;;;;;;;2017-12-07 11:26:00.855726
77045955;100100;Ball in play;;;20;San Antonio Spurs;;;;;;;4;0.000;;;;;;;;;;;;;;;;2019-10-24 13:29:02.254799
77045956;400101;Accurate pass;1165;Kawhi Leonard;20;San Antonio Spurs;;;;;7864;Boris Diaw;4;15.188;;;;;;;;;;;;;;;;2017-12-07 11:26:00.855726
77045957;800301;3+;7864;Boris Diaw;20;San Antonio Spurs;;;;;1165;Kawhi Leonard;4;15.188;20.75;2.97;;;;;;;;Catch and Drive;;Jumper;;;;2017-12-07 11:26:00.855726
77045959;100300;Rebound;1169;Danny Green;20;San Antonio Spurs;;;;;;;4;31.901;;;;;;;;;;;;;;;;2017-12-07 11:26:00.855726
77045960;200600;Post;1165;Kawhi Leonard;20;San Antonio Spurs;;;;;;;4;44.092;;;;;;;;;;;;;;;;2017-12-07 11:26:00.855726
77045961;800600;2F;1165;Kawhi Leonard;20;San Antonio Spurs;6231;Will Barton;3222;Denver Nuggets;;;4;44.092;27.05;7.62;;;;;;;;Post;;;;;;2017-12-07 11:26:00.855726
77045964;800101;1+;1165;Kawhi Leonard;20;San Antonio Spurs;6231;Will Barton;3222;Denver Nuggets;;;4;71.913;;;;;;;;;;;;;;;;2017-12-07 11:26:00.855726
77045965;800101;1+;1165;Kawhi Leonard;20;San Antonio Spurs;6231;Will Barton;3222;Denver Nuggets;;;4;88.227;;;;;;;;;;;;;;;;2017-12-07 11:26:00.855726
77045973;200600;Post;7864;Boris Diaw;20;San Antonio Spurs;;;;;;;4;140.964;;;;;;;;;;;;;;;;2017-12-07 11:26:00.855726
77045974;800400;2+1;7864;Boris Diaw;20;San Antonio Spurs;;;;;;;4;140.964;26.51;7.02;;;;;;;;Post;;Lay up;;;;2017-12-07 11:26:00.855726
77045977;800101;1+;7864;Boris Diaw;20;San Antonio Spurs;6245;Darrell Arthur;3222;Denver Nuggets;;;4;170.076;;;;;;;;;;;;;;;;2017-12-07 11:26:00.855726
77045979;100400;Steal;7864;Boris Diaw;20;San Antonio Spurs;7534;Randy Foye;3222;Denver Nuggets;;;4;187.664;;;;;;;;;;;;;;;;2017-12-07 11:26:00.855726
77045980;800302;3-;1169;Danny Green;20;San Antonio Spurs;;;;;7864;Boris Diaw;4;201.240;26.99;14.82;;;;;;;;Catch and shoot;;Hook;;;;2017-12-07 11:26:00.855726
77045984;100300;Rebound;1167;Tony Parker;20;San Antonio Spurs;;;;;;;4;210.556;;;;;;;;;;;;;;;;2017-12-07 11:26:00.855726
77045986;100500;Turnover;8593;Boban Marjanovic;20;San Antonio Spurs;;;;;;;4;227.937;;;;;;;;;;;;;;;;2017-12-07 11:26:00.855726
77045991;400101;Accurate pass;1165;Kawhi Leonard;20;San Antonio Spurs;;;;;7864;Boris Diaw;4;281.816;;;;;;;;;;;;;;;;2017-12-07 11:26:00.855726
77045992;800301;3+;7864;Boris Diaw;20;San Antonio Spurs;;;;;1165;Kawhi Leonard;4;281.816;21.11;3.09;;;;;;;;Catch and shoot;;Jumper;;;;2017-12-07 11:26:00.855726
77045999;200600;Post;1165;Kawhi Leonard;20;San Antonio Spurs;;;;;;;4;345.859;;;;;;;;;;;;;;;;2017-12-07 11:26:00.855726
77046000;800202;2-;1165;Kawhi Leonard;20;San Antonio Spurs;;;;;;;4;345.859;26.42;7.05;;;;;;;;Post;;Hook;;;;2017-12-07 11:26:00.855726
77046003;400101;Accurate pass;1165;Kawhi Leonard;20;San Antonio Spurs;;;;;8593;Boban Marjanovic;4;368.703;;;;;;;;;;;;;;;;2017-12-07 11:26:00.855726
77046004;800201;2+;8593;Boban Marjanovic;20;San Antonio Spurs;;;;;1165;Kawhi Leonard;4;368.703;27.02;7.62;;;;;;;;Cut;;;;;;2017-12-07 11:26:00.855726
77046006;100300;Rebound;1167;Tony Parker;20;San Antonio Spurs;;;;;;;4;384.304;;;;;;;;;;;;;;;;2017-12-07 11:26:00.855726
77046007;800202;2-;1169;Danny Green;20;San Antonio Spurs;;;;;;;4;400.108;26.72;13.11;;;;;;;;Catch and shoot;;Jumper;;;;2017-12-07 11:26:00.855726
77046013;100300;Rebound;8593;Boban Marjanovic;20;San Antonio Spurs;;;;;;;4;413.435;;;;;;;;;;;;;;;;2017-12-07 11:26:00.855726
77046016;1600500;Guard;1164;Kyle Anderson;20;San Antonio Spurs;1165;Kawhi Leonard;20;San Antonio Spurs;;;4;474.357;;;;;;;;;;;;;;;;2017-12-07 11:26:00.855726
77046017;1600500;Guard;1166;Patty Mills;20;San Antonio Spurs;1167;Tony Parker;20;San Antonio Spurs;;;4;474.357;;;;;;;;;;;;;;;;2017-12-07 11:26:00.855726
77046018;100100;Ball in play;;;20;San Antonio Spurs;;;;;;;4;474.357;;;;;;;;;;;;;;;;2019-10-24 13:29:02.254799
77046020;100500;Turnover;8593;Boban Marjanovic;20;San Antonio Spurs;;;;;;;4;474.357;;;;;;;;;;;;;;;;2017-12-07 11:26:00.855726
77046023;100300;Rebound;1166;Patty Mills;20;San Antonio Spurs;;;;;;;4;503.292;;;;;;;;;;;;;;;;2017-12-07 11:26:00.855726
77046026;100100;Ball in play;;;20;San Antonio Spurs;;;;;;;4;545.749;;;;;;;;;;;;;;;;2019-10-24 13:29:02.254799
77046027;800202;2-;7864;Boris Diaw;20;San Antonio Spurs;;;;;;;4;565.749;21.71;8.13;;;;;;;;Catch and shoot;;Jumper;;;;2017-12-07 11:26:00.855726
77046031;800202;2-;1169;Danny Green;20;San Antonio Spurs;;;;;;;4;598.183;24.95;10.74;;;;;;;;Pick'n'Roll;;Jumper;;;;2017-12-07 11:26:00.855726
77046034;100300;Rebound;8593;Boban Marjanovic;20;San Antonio Spurs;;;;;;;4;612.781;;;;;;;;;;;;;;;;2017-12-07 11:26:00.855726
77046035;200600;Post;8593;Boban Marjanovic;20;San Antonio Spurs;;;;;;;4;623.839;;;;;;;;;;;;;;;;2017-12-07 11:26:00.855726
77046036;800600;2F;8593;Boban Marjanovic;20;San Antonio Spurs;6234;Nikola Jokic;3222;Denver Nuggets;;;4;623.839;27.05;7.62;;;;;;;;Post;;;;;;2017-12-07 11:26:00.855726
77046041;800101;1+;8593;Boban Marjanovic;20;San Antonio Spurs;6234;Nikola Jokic;3222;Denver Nuggets;;;4;652.665;;;;;;;;;;;;;;;;2017-12-07 11:26:00.855726
77046042;800101;1+;8593;Boban Marjanovic;20;San Antonio Spurs;6234;Nikola Jokic;3222;Denver Nuggets;;;4;665.097;;;;;;;;;;;;;;;;2017-12-07 11:26:00.855726
77046045;800202;2-;1166;Patty Mills;20;San Antonio Spurs;;;;;;;4;702.578;25.19;11.04;;;;;;;;Hand offs;;Jumper;;;;2017-12-07 11:26:00.855726
77046046;100300;Rebound;1169;Danny Green;20;San Antonio Spurs;;;;;;;4;702.578;;;;;;;;;;;;;;;;2017-12-07 11:26:00.855726
77046047;800201;2+;1169;Danny Green;20;San Antonio Spurs;;;;;;;4;702.578;27.20;7.20;;;;;;;;Putbacks;;;;;;2017-12-07 11:26:00.855726
77046049;100300;Rebound;8593;Boban Marjanovic;20;San Antonio Spurs;;;;;;;4;724.037;;;;;;;;;;;;;;;;2017-12-07 11:26:00.855726
77046051;100500;Turnover;1164;Kyle Anderson;20;San Antonio Spurs;;;;;;;4;734.634;;;;;;;;;;;;;;;;2017-12-07 11:26:00.855726
77046057;200600;Post;7864;Boris Diaw;20;San Antonio Spurs;;;;;;;4;790.668;;;;;;;;;;;;;;;;2017-12-07 11:26:00.855726
77046058;800201;2+;7864;Boris Diaw;20;San Antonio Spurs;;;;;;;4;790.668;26.42;8.49;;;;;;;;Post;;Hook;;;;2017-12-07 11:26:00.855726
77046064;300100;Foul;1166;Patty Mills;20;San Antonio Spurs;6234;Nikola Jokic;3222;Denver Nuggets;;;4;830.348;;;;;;;;;;;;;;;;2017-12-07 11:26:00.855726
77046065;1600500;Guard;36742;Matt Bonner;20;San Antonio Spurs;7864;Boris Diaw;20;San Antonio Spurs;;;4;865.311;;;;;;;;;;;;;;;;2017-12-07 11:26:00.855726
77046066;1600500;Guard;2422;Jonathon Simmons;20;San Antonio Spurs;1169;Danny Green;20;San Antonio Spurs;;;4;865.311;;;;;;;;;;;;;;;;2017-12-07 11:26:00.855726
77046070;1800600;Timeout;;;20;San Antonio Spurs;;;;;;;4;865.311;;;;;;;;;;;;;;;;2017-12-07 11:26:00.855726
77046071;300100;Foul;8593;Boban Marjanovic;20;San Antonio Spurs;6234;Nikola Jokic;3222;Denver Nuggets;;;4;865.311;;;;;;;;;;;;;;;;2017-12-07 11:26:00.855726
77046074;1600500;Guard;1165;Kawhi Leonard;20;San Antonio Spurs;1164;Kyle Anderson;20;San Antonio Spurs;;;4;888.927;;;;;;;;;;;;;;;;2017-12-07 11:26:00.855726
77046075;1600500;Guard;7462;David West;20;San Antonio Spurs;8593;Boban Marjanovic;20;San Antonio Spurs;;;4;888.927;;;;;;;;;;;;;;;;2017-12-07 11:26:00.855726
77046076;1600500;Guard;7864;Boris Diaw;20;San Antonio Spurs;36742;Matt Bonner;20;San Antonio Spurs;;;4;888.927;;;;;;;;;;;;;;;;2017-12-07 11:26:00.855726
77046078;100100;Ball in play;;;20;San Antonio Spurs;;;;;;;4;888.927;;;;;;;;;;;;;;;;2019-10-24 13:29:02.254799
77046079;100300;Rebound;1165;Kawhi Leonard;20;San Antonio Spurs;;;;;;;4;888.927;;;;;;;;;;;;;;;;2017-12-07 11:26:00.855726
77046080;400101;Accurate pass;1166;Patty Mills;20;San Antonio Spurs;;;;;7462;David West;4;899.807;;;;;;;;;;;;;;;;2017-12-07 11:26:00.855726
77046081;200300;Pick'n'Roll;7462;David West;20;San Antonio Spurs;;;;;1166;Patty Mills;4;899.807;;;;;;;;;;Pick'n'pop;;;;;;2017-12-07 11:26:00.855726
77046082;800201;2+;7462;David West;20;San Antonio Spurs;;;;;1166;Patty Mills;4;899.807;21.71;7.74;;;;;;;;Pick'n'pop;;Jumper;;;;2017-12-07 11:26:00.855726
77046084;800202;2-;7462;David West;20;San Antonio Spurs;;;;;1166;Patty Mills;4;931.769;21.71;5.70;;;;;;;;Catch and shoot;;Jumper;;;;2017-12-07 11:26:00.855726
77046087;100300;Rebound;7864;Boris Diaw;20;San Antonio Spurs;;;;;;;4;943.304;;;;;;;;;;;;;;;;2017-12-07 11:26:00.855726
77046088;400101;Accurate pass;1166;Patty Mills;20;San Antonio Spurs;;;;;7864;Boris Diaw;4;949.224;;;;;;;;;;;;;;;;2017-12-07 11:26:00.855726
77046089;800201;2+;7864;Boris Diaw;20;San Antonio Spurs;;;;;1166;Patty Mills;4;949.224;27.08;7.83;;;;;;;;Transition;;Lay up;;;;2017-12-07 11:26:00.855726
77046091;100300;Rebound;7462;David West;20;San Antonio Spurs;;;;;;;4;979.259;;;;;;;;;;;;;;;;2017-12-07 11:26:00.855726
77046092;800302;3-;1166;Patty Mills;20;San Antonio Spurs;;;;;;;4;998.829;21.41;13.14;;;;;;;;Catch and shoot;;Jumper;;;;2017-12-07 11:26:00.855726
77046095;100300;Rebound;7462;David West;20;San Antonio Spurs;;;;;;;4;1005.810;;;;;;;;;;;;;;;;2017-12-07 11:26:00.855726
77046096;800201;2+;1165;Kawhi Leonard;20;San Antonio Spurs;;;;;;;4;1027.333;25.97;6.12;;;;;;;;Pick'n'Roll;;Jumper;;;;2017-12-07 11:26:00.855726
77046099;100300;Rebound;;;20;San Antonio Spurs;;;;;;;4;1045.167;;;;;;;;;;;;;;;;2017-12-07 11:26:00.855726
77046100;100100;Ball in play;;;20;San Antonio Spurs;;;;;;;4;1045.167;;;;;;;;;;;;;;;;2019-10-24 13:29:02.254799
93268337;100500;Turnover;1165;Kawhi Leonard;20;San Antonio Spurs;;;;;;;3;762.079;;;;;;;;;;;;;;;;2018-01-11 20:51:03.413039
103665125;200900;Assisting;1169;Danny Green;20;San Antonio Spurs;;;;;;;1;65.617;;;;;;;;;;;;;;;;2018-04-19 11:13:04.701724
103665129;200900;Assisting;7462;David West;20;San Antonio Spurs;;;;;1167;Tony Parker;1;172.209;;;;;;;;;;;;;;;;2018-04-19 11:13:04.701724
103665135;200900;Assisting;1165;Kawhi Leonard;20;San Antonio Spurs;;;;;;;1;228.755;;;;;;;;;;;;;;;;2018-04-19 11:13:04.701724
103665137;200900;Assisting;7462;David West;20;San Antonio Spurs;;;;;1167;Tony Parker;1;274.447;;;;;;;;;;;;;;;;2018-04-19 11:13:04.701724
103665139;200900;Assisting;1165;Kawhi Leonard;20;San Antonio Spurs;;;;;;;1;394.319;;;;;;;;;;;;;;;;2018-04-19 11:13:04.701724
103665143;200900;Assisting;1165;Kawhi Leonard;20;San Antonio Spurs;;;;;7462;David West;1;483.010;;;;;;;;;;;;;;;;2018-04-19 11:13:04.701724
103665151;200900;Assisting;1168;LaMarcus Aldridge;20;San Antonio Spurs;;;;;;;1;601.515;;;;;;;;;;;;;;;;2018-04-19 11:13:04.701724
103665153;200900;Assisting;1166;Patty Mills;20;San Antonio Spurs;;;;;2422;Jonathon Simmons;1;621.377;;;;;;;;;;;;;;;;2018-04-19 11:13:04.701724
103665155;200900;Assisting;1166;Patty Mills;20;San Antonio Spurs;;;;;2422;Jonathon Simmons;1;739.867;;;;;;;;;;;;;;;;2018-04-19 11:13:04.701724
103665161;200900;Assisting;1168;LaMarcus Aldridge;20;San Antonio Spurs;;;;;1165;Kawhi Leonard;1;856.191;;;;;;;;;;;;;;;;2018-04-19 11:13:04.701724
103665167;200900;Assisting;7864;Boris Diaw;20;San Antonio Spurs;;;;;;;2;90.848;;;;;;;;;;;;;;;;2018-04-19 11:13:04.701724
103665169;200900;Assisting;8593;Boban Marjanovic;20;San Antonio Spurs;;;;;;;2;204.110;;;;;;;;;;;;;;;;2018-04-19 11:13:04.701724
103665173;200900;Assisting;8593;Boban Marjanovic;20;San Antonio Spurs;;;;;;;2;327.322;;;;;;;;;;;;;;;;2018-04-19 11:13:04.701724
103665175;200900;Assisting;8593;Boban Marjanovic;20;San Antonio Spurs;;;;;;;2;459.613;;;;;;;;;;;;;;;;2018-04-19 11:13:04.701724
103665179;200900;Assisting;1164;Kyle Anderson;20;San Antonio Spurs;;;;;;;2;533.627;;;;;;;;;;;;;;;;2018-04-19 11:13:04.701724
103665181;200900;Assisting;1169;Danny Green;20;San Antonio Spurs;;;;;1167;Tony Parker;2;610.988;;;;;;;;;;;;;;;;2018-04-19 11:13:04.701724
103665183;200900;Assisting;1168;LaMarcus Aldridge;20;San Antonio Spurs;;;;;7462;David West;2;654.797;;;;;;;;;;;;;;;;2018-04-19 11:13:04.701724
103665185;200900;Assisting;1167;Tony Parker;20;San Antonio Spurs;;;;;7462;David West;2;755.903;;;;;;;;;;;;;;;;2018-04-19 11:13:04.701724
103665187;200900;Assisting;1167;Tony Parker;20;San Antonio Spurs;;;;;;;2;772.368;;;;;;;;;;;;;;;;2018-04-19 11:13:04.701724
103665191;200900;Assisting;7462;David West;20;San Antonio Spurs;;;;;1165;Kawhi Leonard;2;820.421;;;;;;;;;;;;;;;;2018-04-19 11:13:04.701724
103665195;200900;Assisting;1167;Tony Parker;20;San Antonio Spurs;;;;;;;2;859.457;;;;;;;;;;;;;;;;2018-04-19 11:13:04.701724
103665197;200900;Assisting;1167;Tony Parker;20;San Antonio Spurs;;;;;;;2;920.307;;;;;;;;;;;;;;;;2018-04-19 11:13:04.701724
103665201;200900;Assisting;1167;Tony Parker;20;San Antonio Spurs;;;;;;;2;957.135;;;;;;;;;;;;;;;;2018-04-19 11:13:04.701724
103665203;200900;Assisting;1169;Danny Green;20;San Antonio Spurs;;;;;1167;Tony Parker;2;1006.014;;;;;;;;;;;;;;;;2018-04-19 11:13:04.701724
103665209;200900;Assisting;1167;Tony Parker;20;San Antonio Spurs;;;;;7462;David West;2;1073.108;;;;;;;;;;;;;;;;2018-04-19 11:13:04.701724
103665211;200900;Assisting;1165;Kawhi Leonard;20;San Antonio Spurs;;;;;7462;David West;3;106.792;;;;;;;;;;;;;;;;2018-04-19 11:13:04.701724
103665217;200900;Assisting;1165;Kawhi Leonard;20;San Antonio Spurs;;;;;;;3;241.692;;;;;;;;;;;;;;;;2018-04-19 11:13:04.701724
103665219;200900;Assisting;1165;Kawhi Leonard;20;San Antonio Spurs;;;;;1169;Danny Green;3;339.273;;;;;;;;;;;;;;;;2018-04-19 11:13:04.701724
103665223;200900;Assisting;1168;LaMarcus Aldridge;20;San Antonio Spurs;;;;;;;3;378.443;;;;;;;;;;;;;;;;2018-04-19 11:13:04.701724
103665225;200900;Assisting;1168;LaMarcus Aldridge;20;San Antonio Spurs;;;;;1167;Tony Parker;3;441.651;;;;;;;;;;;;;;;;2018-04-19 11:13:04.701724
103665229;200900;Assisting;1166;Patty Mills;20;San Antonio Spurs;;;;;;;3;611.827;;;;;;;;;;;;;;;;2018-04-19 11:13:04.701724
103665233;200900;Assisting;1168;LaMarcus Aldridge;20;San Antonio Spurs;;;;;1166;Patty Mills;3;643.785;;;;;;;;;;;;;;;;2018-04-19 11:13:04.701724
103665235;200900;Assisting;1165;Kawhi Leonard;20;San Antonio Spurs;;;;;;;3;677.305;;;;;;;;;;;;;;;;2018-04-19 11:13:04.701724
103665241;200900;Assisting;1164;Kyle Anderson;20;San Antonio Spurs;;;;;;;3;882.615;;;;;;;;;;;;;;;;2018-04-19 11:13:04.701724
103665249;200900;Assisting;7864;Boris Diaw;20;San Antonio Spurs;;;;;1165;Kawhi Leonard;4;15.188;;;;;;;;;;;;;;;;2018-04-19 11:13:04.701724
103665251;200900;Assisting;1165;Kawhi Leonard;20;San Antonio Spurs;;;;;;;4;44.092;;;;;;;;;;;;;;;;2018-04-19 11:13:04.701724
103665255;200900;Assisting;7864;Boris Diaw;20;San Antonio Spurs;;;;;;;4;140.964;;;;;;;;;;;;;;;;2018-04-19 11:13:04.701724
103665259;200900;Assisting;7864;Boris Diaw;20;San Antonio Spurs;;;;;1165;Kawhi Leonard;4;281.816;;;;;;;;;;;;;;;;2018-04-19 11:13:04.701724
103665265;200900;Assisting;8593;Boban Marjanovic;20;San Antonio Spurs;;;;;1165;Kawhi Leonard;4;368.703;;;;;;;;;;;;;;;;2018-04-19 11:13:04.701724
103665269;200900;Assisting;8593;Boban Marjanovic;20;San Antonio Spurs;;;;;;;4;623.839;;;;;;;;;;;;;;;;2018-04-19 11:13:04.701724
103665273;200900;Assisting;1169;Danny Green;20;San Antonio Spurs;;;;;;;4;702.578;;;;;;;;;;;;;;;;2018-04-19 11:13:04.701724
103665277;200900;Assisting;7864;Boris Diaw;20;San Antonio Spurs;;;;;;;4;790.668;;;;;;;;;;;;;;;;2018-04-19 11:13:04.701724
103665283;200900;Assisting;7462;David West;20;San Antonio Spurs;;;;;1166;Patty Mills;4;899.807;;;;;;;;;;;;;;;;2018-04-19 11:13:04.701724
103665287;200900;Assisting;7864;Boris Diaw;20;San Antonio Spurs;;;;;1166;Patty Mills;4;949.224;;;;;;;;;;;;;;;;2018-04-19 11:13:04.701724
103665289;200900;Assisting;1165;Kawhi Leonard;20;San Antonio Spurs;;;;;;;4;1027.333;;;;;;;;;;;;;;;;2018-04-19 11:13:04.701724
